ae-oe,æ-œ
accoeurer,accœurer
accroche-coeur,accroche-cœur
accroche-coeurs,accroche-cœurs
acoelomate,acœlomate
acoelomates,acœlomates
aegagropile,ægagropile
aegagropiles,ægagropiles
aegipan,ægipan
aegipans,ægipans
aegosome,ægosome
aegosomes,ægosomes
aegyrine,ægyrine
aegyrines,ægyrines
aepyornis,æpyornis
aequo,æquo
aequo,æquo
aeschne,æschne
aeschnes,æschnes
aeschnidé,æschnidé
aeschnidés,æschnidés
aeternam,æternam
aethuse,æthuse
aethuses,æthuses
althaea,althæa
althaeas,althæas
angio-oedème,angio-œdème
angio-oedèmes,angio-œdèmes
angstroem,angstrœm
angstroems,angstrœms
anti-oestrogène,anti-œstrogène
anti-oestrogène,anti-œstrogène
anti-oestrogènes,anti-œstrogènes
anti-oestrogènes,anti-œstrogènes
antioestrogène,antiœstrogène
antioestrogène,antiœstrogène
antioestrogènes,antiœstrogènes
antioestrogènes,antiœstrogènes
arrête-boeuf,arrête-bœuf
arrête-boeufs,arrête-bœufs
arrière-choeur,arrière-chœur
arrière-choeurs,arrière-chœurs
assa-foetida,assa-fœtida
assa-foetidas,assa-fœtidas
avant-choeur,avant-chœur
avant-choeurs,avant-chœurs
belle-soeur,belle-sœur
belles-soeurs,belles-sœurs
bicoeur,bicœur
bicoeur,bicœur
bicoeurs,bicœurs
bicoeurs,bicœurs
biocoenose,biocœnose
biocoenoses,biocœnoses
boeuf,bœuf
boeufs,bœufs
cache-coeur,cache-cœur
cache-coeurs,cache-cœurs
cache-oeil,cache-œil
cache-oeils,cache-œils
caecal,cæcal
caecale,cæcale
caecales,cæcales
caecaux,cæcaux
caecotrophie,cæcotrophie
caecotrophies,cæcotrophies
caecum,cæcum
caecums,cæcums
caenogenèse,cænogenèse
caenogenèses,cænogenèses
caesine,cæsine
caesium,cæsium
caesiums,cæsiums
caetera,cætera
chamaerops,chamærops
chef-d’oeuvre,chef-d’œuvre
chefs-d’oeuvre,chefs-d’œuvre
choeur,chœur
choeurs,chœurs
coelacanthe,cœlacanthe
coelacanthes,cœlacanthes
coelentéré,cœlentéré
coelentérés,cœlentérés
coeliaque,cœliaque
coeliaques,cœliaques
coeliochirurgie,cœliochirurgie
coeliochirurgies,cœliochirurgies
coelioscope,cœlioscope
coelioscopes,cœlioscopes
coelioscopie,cœlioscopie
coelioscopies,cœlioscopies
coelioscopique,cœlioscopique
coelioscopiques,cœlioscopiques
coelomate,cœlomate
coelomates,cœlomates
coelome,cœlome
coelomes,cœlomes
coelomique,cœlomique
coelomiques,cœlomiques
coelostat,cœlostat
coelostats,cœlostats
coenesthésie,cœnesthésie
coenesthésies,cœnesthésies
coenure,cœnure
coenures,cœnures
coenurose,cœnurose
coenuroses,cœnuroses
coetera,cœtera
coeur,cœur
coeur-de-pigeon,cœur-de-pigeon
coeurs,cœurs
coeurs-de-pigeon,cœurs-de-pigeon
coeursage,cœursage
coeursages,cœursages
coeurse,cœurse
coeurses,cœurses
consoeur,consœur
consoeurs,consœurs
contrecoeur,contrecœur
contrecoeurs,contrecœurs
crève-coeur,crève-cœur
crève-coeurs,crève-cœurs
demi-soeur,demi-sœur
demi-soeurs,demi-sœurs
désoeuvré,désœuvré
désoeuvré,désœuvré
désoeuvrée,désœuvrée
désoeuvrée,désœuvrée
désoeuvrées,désœuvrées
désoeuvrées,désœuvrées
désoeuvrement,désœuvrement
désoeuvrements,désœuvrements
désoeuvrer,désœuvrer
désoeuvrés,désœuvrés
désoeuvrés,désœuvrés
écoeura,écœura
écoeurai,écœurai
écoeuraient,écœuraient
écoeurais,écœurais
écoeurait,écœurait
écoeurâmes,écœurâmes
écoeurant,écœurant
écoeurant,écœurant
écoeurante,écœurante
écoeurantes,écœurantes
écoeurants,écœurants
écoeuras,écœuras
écoeurasse,écœurasse
écoeurassent,écœurassent
écoeurasses,écœurasses
écoeurassiez,écœurassiez
écoeurassions,écœurassions
écoeurât,écœurât
écoeurâtes,écœurâtes
écoeure,écœure
écoeuré,écœuré
écoeuré,écœuré
écoeurée,écœurée
écoeurée,écœurée
écoeurées,écœurées
écoeurées,écœurées
écoeurement,écœurement
écoeurements,écœurements
écoeurent,écœurent
écoeurer,écœurer
écoeurera,écœurera
écoeurerai,écœurerai
écoeureraient,écœureraient
écoeurerais,écœurerais
écoeurerait,écœurerait
écoeureras,écœureras
écoeurèrent,écœurèrent
écoeurerez,écœurerez
écoeureriez,écœureriez
écoeurerions,écœurerions
écoeurerons,écœurerons
écoeureront,écœureront
écoeures,écœures
écoeurés,écœurés
écoeurés,écœurés
écoeurez,écœurez
écoeuriez,écœuriez
écoeurions,écœurions
écoeurons,écœurons
elaeis,elæis
entre-noeud,entre-nœud
entre-noeuds,entre-nœuds
exaequo,exæquo
exaequos,exæquos
foetal,fœtal
foetale,fœtale
foetales,fœtales
foetaux,fœtaux
foeticide,fœticide
foeticides,fœticides
foeto-maternel,fœto-maternel
foeto-maternelle,fœto-maternelle
foeto-maternelles,fœto-maternelles
foeto-maternels,fœto-maternels
foetologie,fœtologie
foetologies,fœtologies
foetopathie,fœtopathie
foetopathies,fœtopathies
foetoscopie,fœtoscopie
foetoscopies,fœtoscopies
foetoscopique,fœtoscopique
foetoscopiques,fœtoscopiques
foetus,fœtus
garde-boeuf,garde-bœuf
garde-boeufs,garde-bœufs
gastro-oesophagien,gastro-œsophagien
gastro-oesophagienne,gastro-œsophagienne
gastro-oesophagiennes,gastro-œsophagiennes
gastro-oesophagiens,gastro-œsophagiens
haut-le-coeur,haut-le-cœur
hors-d’oeuvre,hors-d’œuvre
hyper-oestrogénie,hyper-œstrogénie
hyper-oestrogénies,hyper-œstrogénies
hypernovae,hypernovæ
hyperoestrogénie,hyperœstrogénie
hyperoestrogénies,hyperœstrogénies
hypo-oestrogénie,hypo-œstrogénie
hypo-oestrogénies,hypo-œstrogénies
hypooestrogénie,hypoœstrogénie
hypooestrogénies,hypoœstrogénies
iléo-caecal,iléo-cæcal
iléo-caecale,iléo-cæcale
iléo-caecales,iléo-cæcales
iléo-caecaux,iléo-cæcaux
lymphoedème,lymphœdème
lymphoedèmes,lymphœdèmes
main-d’oeuvre,main-d’œuvre
mains-d’oeuvre,mains-d’œuvre
manoeuvra,manœuvra
manoeuvrabilité,manœuvrabilité
manoeuvrabilités,manœuvrabilités
manoeuvrable,manœuvrable
manoeuvrables,manœuvrables
manoeuvrai,manœuvrai
manoeuvraient,manœuvraient
manoeuvrais,manœuvrais
manoeuvrait,manœuvrait
manoeuvrâmes,manœuvrâmes
manoeuvrant,manœuvrant
manoeuvras,manœuvras
manoeuvrasse,manœuvrasse
manoeuvrassent,manœuvrassent
manoeuvrasses,manœuvrasses
manoeuvrassiez,manœuvrassiez
manoeuvrassions,manœuvrassions
manoeuvrât,manœuvrât
manoeuvrâtes,manœuvrâtes
manoeuvre,manœuvre
manoeuvre,manœuvre
manoeuvré,manœuvré
manoeuvré,manœuvré
manoeuvrée,manœuvrée
manoeuvrée,manœuvrée
manoeuvrées,manœuvrées
manoeuvrées,manœuvrées
manoeuvrent,manœuvrent
manoeuvrer,manœuvrer
manoeuvrera,manœuvrera
manoeuvrerai,manœuvrerai
manoeuvreraient,manœuvreraient
manoeuvrerais,manœuvrerais
manoeuvrerait,manœuvrerait
manoeuvreras,manœuvreras
manoeuvrèrent,manœuvrèrent
manoeuvrerez,manœuvrerez
manoeuvreriez,manœuvreriez
manoeuvrerions,manœuvrerions
manoeuvrerons,manœuvrerons
manoeuvreront,manœuvreront
manoeuvres,manœuvres
manoeuvres,manœuvres
manoeuvrés,manœuvrés
manoeuvrés,manœuvrés
manoeuvrez,manœuvrez
manoeuvrier,manœuvrier
manoeuvrière,manœuvrière
manoeuvrières,manœuvrières
manoeuvriers,manœuvriers
manoeuvriez,manœuvriez
manoeuvrions,manœuvrions
manoeuvrons,manœuvrons
melaena,melæna
mélaena,mélæna
melaenas,melænas
mélaenas,mélænas
mire-oeuf,mire-œuf
mire-oeufs,mire-œufs
mire-oeufs,mire-œufs
moeurs,mœurs
monocoeur,monocœur
monocoeur,monocœur
monocoeurs,monocœurs
monocoeurs,monocœurs
monoecie,monœcie
monoecies,monœcies
multicoeur,multicœur
multicoeur,multicœur
multicoeurs,multicœurs
multicoeurs,multicœurs
myxoedémateuse,myxœdémateuse
myxoedémateuses,myxœdémateuses
myxoedémateux,myxœdémateux
myxoedème,myxœdème
myxoedèmes,myxœdèmes
naevi,nævi
naevo-carcinome,nævo-carcinome
naevo-carcinomes,nævo-carcinomes
naevocarcinome,nævocarcinome
naevocarcinomes,nævocarcinomes
naevus,nævus
noeud,nœud
noeuds,nœuds
novae,novæ
oeconomicus,œconomicus
oecuménicité,œcuménicité
oecuménicités,œcuménicités
oecuménique,œcuménique
oecuméniques,œcuméniques
oecuménisme,œcuménisme
oecuménismes,œcuménismes
oedémateuse,œdémateuse
oedémateuses,œdémateuses
oedémateux,œdémateux
oedème,œdème
oedèmes,œdèmes
oedicnème,œdicnème
oedicnèmes,œdicnèmes
oedipe,œdipe
oedipes,œdipes
oedipien,œdipien
oedipienne,œdipienne
oedipiennes,œdipiennes
oedipiens,œdipiens
oeil,œil
oeil-de-boeuf,œil-de-bœuf
oeil-de-chat,œil-de-chat
oeil-de-perdrix,œil-de-perdrix
oeil-de-pie,œil-de-pie
oeilla,œilla
oeillade,œillade
oeillades,œillades
oeillai,œillai
oeillaient,œillaient
oeillais,œillais
oeillait,œillait
oeillâmes,œillâmes
oeillant,œillant
oeillard,œillard
oeillards,œillards
oeillas,œillas
oeillasse,œillasse
oeillassent,œillassent
oeillasses,œillasses
oeillassiez,œillassiez
oeillassions,œillassions
oeillât,œillât
oeillâtes,œillâtes
oeille,œille
oeillé,œillé
oeillé,œillé
oeillée,œillée
oeillée,œillée
oeillées,œillées
oeillées,œillées
oeillent,œillent
oeiller,œiller
oeillera,œillera
oeillerai,œillerai
oeilleraient,œilleraient
oeillerais,œillerais
oeillerait,œillerait
oeilleras,œilleras
oeillère,œillère
oeillèrent,œillèrent
oeillères,œillères
oeillerez,œillerez
oeilleriez,œilleriez
oeillerions,œillerions
oeillerons,œillerons
oeilleront,œilleront
oeilles,œilles
oeillés,œillés
oeillés,œillés
oeillet,œillet
oeilleton,œilleton
oeilletonna,œilletonna
oeilletonnage,œilletonnage
oeilletonnages,œilletonnages
oeilletonnai,œilletonnai
oeilletonnaient,œilletonnaient
oeilletonnais,œilletonnais
oeilletonnait,œilletonnait
oeilletonnâmes,œilletonnâmes
oeilletonnant,œilletonnant
oeilletonnas,œilletonnas
oeilletonnasse,œilletonnasse
oeilletonnassent,œilletonnassent
oeilletonnasses,œilletonnasses
oeilletonnassiez,œilletonnassiez
oeilletonnassions,œilletonnassions
oeilletonnât,œilletonnât
oeilletonnâtes,œilletonnâtes
oeilletonne,œilletonne
oeilletonné,œilletonné
oeilletonné,œilletonné
oeilletonnée,œilletonnée
oeilletonnée,œilletonnée
oeilletonnées,œilletonnées
oeilletonnées,œilletonnées
oeilletonnent,œilletonnent
oeilletonner,œilletonner
oeilletonnera,œilletonnera
oeilletonnerai,œilletonnerai
oeilletonneraient,œilletonneraient
oeilletonnerais,œilletonnerais
oeilletonnerait,œilletonnerait
oeilletonneras,œilletonneras
oeilletonnèrent,œilletonnèrent
oeilletonnerez,œilletonnerez
oeilletonneriez,œilletonneriez
oeilletonnerions,œilletonnerions
oeilletonnerons,œilletonnerons
oeilletonneront,œilletonneront
oeilletonnes,œilletonnes
oeilletonnés,œilletonnés
oeilletonnés,œilletonnés
oeilletonnez,œilletonnez
oeilletonniez,œilletonniez
oeilletonnions,œilletonnions
oeilletonnons,œilletonnons
oeilletons,œilletons
oeillets,œillets
oeillette,œillette
oeillettes,œillettes
oeillez,œillez
oeilliez,œilliez
oeillions,œillions
oeillons,œillons
oeils,œils
oeils-de-boeuf,œils-de-bœuf
oeils-de-chat,œils-de-chat
oeils-de-perdrix,œils-de-perdrix
oeils-de-pie,œils-de-pie
oekoumène,œkoumène
oekoumènes,œkoumènes
oenanthe,œnanthe
oenanthes,œnanthes
oenanthique,œnanthique
oenanthiques,œnanthiques
oenilisme,œnilisme
oenilismes,œnilismes
oenolique,œnolique
oenoliques,œnoliques
oenolisme,œnolisme
oenolismes,œnolismes
oenologie,œnologie
oenologies,œnologies
oenologique,œnologique
oenologiques,œnologiques
oenologue,œnologue
oenologues,œnologues
oenomètre,œnomètre
oenomètres,œnomètres
oenométrie,œnométrie
oenométries,œnométries
oenométrique,œnométrique
oenométriques,œnométriques
oenophile,œnophile
oenophile,œnophile
oenophiles,œnophiles
oenophiles,œnophiles
oenotechnie,œnotechnie
oenotechnies,œnotechnies
oenotechnique,œnotechnique
oenotechniques,œnotechniques
oenothèque,œnothèque
oenothèques,œnothèques
oenothera,œnothera
oenothéracée,œnothéracée
oenothéracées,œnothéracées
oenotheras,œnotheras
oenothère,œnothère
oenothères,œnothères
oersted,œrsted
oersteds,œrsteds
oerstite,œrstite
oerstites,œrstites
oesophage,œsophage
oesophagectomie,œsophagectomie
oesophagectomies,œsophagectomies
oesophages,œsophages
oesophagien,œsophagien
oesophagienne,œsophagienne
oesophagiennes,œsophagiennes
oesophagiens,œsophagiens
oesophagique,œsophagique
oesophagiques,œsophagiques
oesophagisme,œsophagisme
oesophagismes,œsophagismes
oesophagite,œsophagite
oesophagites,œsophagites
oesophagomalacie,œsophagomalacie
oesophagomalacies,œsophagomalacies
oesophagoplastie,œsophagoplastie
oesophagoplasties,œsophagoplasties
oesophagoscope,œsophagoscope
oesophagoscopes,œsophagoscopes
oesophagoscopie,œsophagoscopie
oesophagoscopies,œsophagoscopies
oesophagostomie,œsophagostomie
oesophagostomies,œsophagostomies
oesophagotomie,œsophagotomie
oesophagotomies,œsophagotomies
oestradiène,œstradiène
oestradiènes,œstradiènes
oestradiol,œstradiol
oestradiols,œstradiols
oestral,œstral
oestrale,œstrale
oestrales,œstrales
oestraux,œstraux
oestre,œstre
oestres,œstres
oestriol,œstriol
oestriols,œstriols
oestrogène,œstrogène
oestrogène,œstrogène
oestrogènes,œstrogènes
oestrogènes,œstrogènes
oestrogénique,œstrogénique
oestrogéniques,œstrogéniques
oestrogénothérapie,œstrogénothérapie
oestrogénothérapies,œstrogénothérapies
oestromane,œstromane
oestromane,œstromane
oestromanes,œstromanes
oestromanes,œstromanes
oestromanie,œstromanie
oestromanies,œstromanies
oestrone,œstrone
oestrones,œstrones
oestroprogestatif,œstroprogestatif
oestroprogestatifs,œstroprogestatifs
oestroprogestative,œstroprogestative
oestroprogestatives,œstroprogestatives
oestrus,œstrus
oeuf,œuf
oeufrier,œufrier
oeufriers,œufriers
oeufs,œufs
oeuvé,œuvé
oeuvée,œuvée
oeuvées,œuvées
oeuvés,œuvés
oeuvra,œuvra
oeuvrai,œuvrai
oeuvraient,œuvraient
oeuvrais,œuvrais
oeuvrait,œuvrait
oeuvrâmes,œuvrâmes
oeuvrant,œuvrant
oeuvras,œuvras
oeuvrasse,œuvrasse
oeuvrassent,œuvrassent
oeuvrasses,œuvrasses
oeuvrassiez,œuvrassiez
oeuvrassions,œuvrassions
oeuvrât,œuvrât
oeuvrâtes,œuvrâtes
oeuvre,œuvre
oeuvre,œuvre
oeuvré,œuvré
oeuvrent,œuvrent
oeuvrer,œuvrer
oeuvrera,œuvrera
oeuvrerai,œuvrerai
oeuvreraient,œuvreraient
oeuvrerais,œuvrerais
oeuvrerait,œuvrerait
oeuvreras,œuvreras
oeuvrèrent,œuvrèrent
oeuvrerez,œuvrerez
oeuvreriez,œuvreriez
oeuvrerions,œuvrerions
oeuvrerons,œuvrerons
oeuvreront,œuvreront
oeuvres,œuvres
oeuvres,œuvres
oeuvrette,œuvrette
oeuvrettes,œuvrettes
oeuvrez,œuvrez
oeuvriez,œuvriez
oeuvrions,œuvrions
oeuvrons,œuvrons
périoesophagien,périœsophagien
périoesophagienne,périœsophagienne
périoesophagiennes,périœsophagiennes
périoesophagiens,périœsophagiens
personae,personæ
pet-de-soeur,pet-de-sœur
pets-de-soeur,pets-de-sœur
phoeniciculture,phœniciculture
phoenicicultures,phœnicicultures
phoenix,phœnix
phyto-oestrogène,phyto-œstrogène
phyto-oestrogènes,phyto-œstrogènes
phytooestrogène,phytoœstrogène
phytooestrogènes,phytoœstrogènes
pique-boeuf,pique-bœuf
pique-boeufs,pique-bœufs
poecilandrie,pœcilandrie
poecilandries,pœcilandries
poecile,pœcile
poeciles,pœciles
poecilitique,pœcilitique
poecilitiques,pœcilitiques
poecilogynie,pœcilogynie
poecilogynies,pœcilogynies
poecilotherme,pœcilotherme
poecilotherme,pœcilotherme
poecilothermes,pœcilothermes
poecilothermes,pœcilothermes
poecilothermie,pœcilothermie
poecilothermies,pœcilothermies
pomoerium,pomœrium
pomoeriums,pomœriums
praesidium,præsidium
praesidiums,præsidiums
préoedipien,préœdipien
préoedipienne,préœdipienne
préoedipiennes,préœdipiennes
préoedipiens,préœdipiens
quadricoeur,quadricœur
quadricoeur,quadricœur
quadricoeurs,quadricœurs
quadricoeurs,quadricœurs
rai-de-coeur,rai-de-cœur
rais-de-coeur,rais-de-cœur
rancoeur,rancœur
rancoeurs,rancœurs
sacré-coeur,sacré-cœur
sacré-coeurs,sacré-cœurs
sans-coeur,sans-cœur
sans-coeur,sans-cœur
sans-coeurs,sans-cœurs
sans-coeurs,sans-cœurs
soeur,sœur
soeurette,sœurette
soeurettes,sœurettes
soeurs,sœurs
sous-oeuvre,sous-œuvre
sous-oeuvres,sous-œuvres
stoechiométrie,stœchiométrie
stoechiométries,stœchiométries
stoechiométrique,stœchiométrique
stoechiométriques,stœchiométriques
supernovae,supernovæ
synoecisme,synœcisme
synoecismes,synœcismes
taenia,tænia
taenias,tænias
tape-à-l’oeil,tape-à-l’œil
tire-l’oeil,tire-l’œil
trompe-l’oeil,trompe-l’œil
uraeus,uræus
vitae,vitæ
voeu,vœu
voeux,vœux
