ENTITY,CHARACTER
&AElig; Ã†
&198; Ã†
&xc6; Ã†
&x00c6; Ã†
&Aacute; Ã
&193; Ã
&xc1; Ã
&x00c1; Ã
&Abreve; Ä‚
&258; Ä‚
&x0102; Ä‚
&Acirc; Ã‚
&194; Ã‚
&xc2; Ã‚
&x00c2; Ã‚
&Acy; Ğ
&1040; Ğ
&x0410; Ğ
&Afr; ğ”„
&120068; ğ”„
&x1d504; ğ”„
&Agrave; Ã€
&192; Ã€
&xc0; Ã€
&x00c0; Ã€
&Alpha; Î‘
&913; Î‘
&x0391; Î‘
&Amacr; Ä€
&256; Ä€
&x0100; Ä€
&And; â©“
&10835; â©“
&x2a53; â©“
&Aogon; Ä„
&260; Ä„
&x0104; Ä„
&Aopf; ğ”¸
&120120; ğ”¸
&x1d538; ğ”¸
&ApplyFunction; â¡
&8289; â¡
&x2061; â¡
&Aring; Ã…
&197; Ã…
&xc5; Ã…
&x00c5; Ã…
&Ascr; ğ’œ
&119964; ğ’œ
&x1d49c; ğ’œ
&Assign; â‰”
&8788; â‰”
&x2254; â‰”
&Atilde; Ãƒ
&195; Ãƒ
&xc3; Ãƒ
&x00c3; Ãƒ
&Auml; Ã„
&196; Ã„
&xc4; Ã„
&x00c4; Ã„
&Backslash; âˆ–
&8726; âˆ–
&x2216; âˆ–
&Barv; â«§
&10983; â«§
&x2ae7; â«§
&Barwed; âŒ†
&8966; âŒ†
&x2306; âŒ†
&Bcy; Ğ‘
&1041; Ğ‘
&x0411; Ğ‘
&Because; âˆµ
&8757; âˆµ
&x2235; âˆµ
&Bernoullis; â„¬
&8492; â„¬
&x212c; â„¬
&Beta; Î’
&914; Î’
&x0392; Î’
&Bfr; ğ”…
&120069; ğ”…
&x1d505; ğ”…
&Bopf; ğ”¹
&120121; ğ”¹
&x1d539; ğ”¹
&Breve; Ë˜
&728; Ë˜
&x02d8; Ë˜
&Bscr; â„¬
&8492; â„¬
&x212c; â„¬
&Bumpeq; â‰
&8782; â‰
&x224e; â‰
&CHcy; Ğ§
&1063; Ğ§
&x0427; Ğ§
&COPY; Â©
&169; Â©
&xa9; Â©
&x00a9; Â©
&Cacute; Ä†
&262; Ä†
&x0106; Ä†
&Cap; â‹’
&8914; â‹’
&x22d2; â‹’
&CapitalDifferentialD; â……
&8517; â……
&x2145; â……
&Cayleys; â„­
&8493; â„­
&x212d; â„­
&Ccaron; ÄŒ
&268; ÄŒ
&x010c; ÄŒ
&Ccedil; Ã‡
&199; Ã‡
&xc7; Ã‡
&x00c7; Ã‡
&Ccirc; Äˆ
&264; Äˆ
&x0108; Äˆ
&Cconint; âˆ°
&8752; âˆ°
&x2230; âˆ°
&Cdot; ÄŠ
&266; ÄŠ
&x010a; ÄŠ
&Cedilla; Â¸
&184; Â¸
&xb8; Â¸
&x00b8; Â¸
&CenterDot; Â·
&183; Â·
&xb7; Â·
&x00b7; Â·
&Cfr; â„­
&8493; â„­
&x212d; â„­
&Chi; Î§
&935; Î§
&x03a7; Î§
&CircleDot; âŠ™
&8857; âŠ™
&x2299; âŠ™
&CircleMinus; âŠ–
&8854; âŠ–
&x2296; âŠ–
&CirclePlus; âŠ•
&8853; âŠ•
&x2295; âŠ•
&CircleTimes; âŠ—
&8855; âŠ—
&x2297; âŠ—
&ClockwiseContourIntegral; âˆ²
&8754; âˆ²
&x2232; âˆ²
&CloseCurlyDoubleQuote; â€
&8221; â€
&x201d; â€
&CloseCurlyQuote; â€™
&8217; â€™
&x2019; â€™
&Colon; âˆ·
&8759; âˆ·
&x2237; âˆ·
&Colone; â©´
&10868; â©´
&x2a74; â©´
&Congruent; â‰¡
&8801; â‰¡
&x2261; â‰¡
&Conint; âˆ¯
&8751; âˆ¯
&x222f; âˆ¯
&ContourIntegral; âˆ®
&8750; âˆ®
&x222e; âˆ®
&Copf; â„‚
&8450; â„‚
&x2102; â„‚
&Coproduct; âˆ
&8720; âˆ
&x2210; âˆ
&CounterClockwiseContourIntegral; âˆ³
&8755; âˆ³
&x2233; âˆ³
&Cross; â¨¯
&10799; â¨¯
&x2a2f; â¨¯
&Cscr; ğ’
&119966; ğ’
&x1d49e; ğ’
&Cup; â‹“
&8915; â‹“
&x22d3; â‹“
&CupCap; â‰
&8781; â‰
&x224d; â‰
&DD; â……
&8517; â……
&x2145; â……
&DDotrahd; â¤‘
&10513; â¤‘
&x2911; â¤‘
&DJcy; Ğ‚
&1026; Ğ‚
&x0402; Ğ‚
&DScy; Ğ…
&1029; Ğ…
&x0405; Ğ…
&DZcy; Ğ
&1039; Ğ
&x040f; Ğ
&Dagger; â€¡
&8225; â€¡
&x2021; â€¡
&Darr; â†¡
&8609; â†¡
&x21a1; â†¡
&Dashv; â«¤
&10980; â«¤
&x2ae4; â«¤
&Dcaron; Ä
&270; Ä
&x010e; Ä
&Dcy; Ğ”
&1044; Ğ”
&x0414; Ğ”
&Del; âˆ‡
&8711; âˆ‡
&x2207; âˆ‡
&Delta; Î”
&916; Î”
&x0394; Î”
&Dfr; ğ”‡
&120071; ğ”‡
&x1d507; ğ”‡
&DiacriticalAcute; Â´
&180; Â´
&xb4; Â´
&x00b4; Â´
&DiacriticalDot; Ë™
&729; Ë™
&x02d9; Ë™
&DiacriticalDoubleAcute; Ë
&733; Ë
&x02dd; Ë
&DiacriticalGrave; `
&96; `
&x60; `
&x0060; `
&DiacriticalTilde; Ëœ
&732; Ëœ
&x02dc; Ëœ
&Diamond; â‹„
&8900; â‹„
&x22c4; â‹„
&DifferentialD; â…†
&8518; â…†
&x2146; â…†
&Dopf; ğ”»
&120123; ğ”»
&x1d53b; ğ”»
&Dot; Â¨
&168; Â¨
&xa8; Â¨
&x00a8; Â¨
&DotDot; âƒœ
&8412; âƒœ
&x20dc; âƒœ
&DotEqual; â‰
&8784; â‰
&x2250; â‰
&DoubleContourIntegral; âˆ¯
&8751; âˆ¯
&x222f; âˆ¯
&DoubleDot; Â¨
&168; Â¨
&xa8; Â¨
&x00a8; Â¨
&DoubleDownArrow; â‡“
&8659; â‡“
&x21d3; â‡“
&DoubleLeftArrow; â‡
&8656; â‡
&x21d0; â‡
&DoubleLeftRightArrow; â‡”
&8660; â‡”
&x21d4; â‡”
&DoubleLeftTee; â«¤
&10980; â«¤
&x2ae4; â«¤
&DoubleLongLeftArrow; âŸ¸
&10232; âŸ¸
&x27f8; âŸ¸
&DoubleLongLeftRightArrow; âŸº
&10234; âŸº
&x27fa; âŸº
&DoubleLongRightArrow; âŸ¹
&10233; âŸ¹
&x27f9; âŸ¹
&DoubleRightArrow; â‡’
&8658; â‡’
&x21d2; â‡’
&DoubleRightTee; âŠ¨
&8872; âŠ¨
&x22a8; âŠ¨
&DoubleUpArrow; â‡‘
&8657; â‡‘
&x21d1; â‡‘
&DoubleUpDownArrow; â‡•
&8661; â‡•
&x21d5; â‡•
&DoubleVerticalBar; âˆ¥
&8741; âˆ¥
&x2225; âˆ¥
&DownArrow; â†“
&8595; â†“
&x2193; â†“
&DownArrowBar; â¤“
&10515; â¤“
&x2913; â¤“
&DownArrowUpArrow; â‡µ
&8693; â‡µ
&x21f5; â‡µ
&DownBreve; Ì‘
&785; Ì‘
&x0311; Ì‘
&DownLeftRightVector; â¥
&10576; â¥
&x2950; â¥
&DownLeftTeeVector; â¥
&10590; â¥
&x295e; â¥
&DownLeftVector; â†½
&8637; â†½
&x21bd; â†½
&DownLeftVectorBar; â¥–
&10582; â¥–
&x2956; â¥–
&DownRightTeeVector; â¥Ÿ
&10591; â¥Ÿ
&x295f; â¥Ÿ
&DownRightVector; â‡
&8641; â‡
&x21c1; â‡
&DownRightVectorBar; â¥—
&10583; â¥—
&x2957; â¥—
&DownTee; âŠ¤
&8868; âŠ¤
&x22a4; âŠ¤
&DownTeeArrow; â†§
&8615; â†§
&x21a7; â†§
&Downarrow; â‡“
&8659; â‡“
&x21d3; â‡“
&Dscr; ğ’Ÿ
&119967; ğ’Ÿ
&x1d49f; ğ’Ÿ
&Dstrok; Ä
&272; Ä
&x0110; Ä
&ENG; ÅŠ
&330; ÅŠ
&x014a; ÅŠ
&ETH; Ã
&208; Ã
&xd0; Ã
&x00d0; Ã
&Eacute; Ã‰
&201; Ã‰
&xc9; Ã‰
&x00c9; Ã‰
&Ecaron; Äš
&282; Äš
&x011a; Äš
&Ecirc; ÃŠ
&202; ÃŠ
&xca; ÃŠ
&x00ca; ÃŠ
&Ecy; Ğ­
&1069; Ğ­
&x042d; Ğ­
&Edot; Ä–
&278; Ä–
&x0116; Ä–
&Efr; ğ”ˆ
&120072; ğ”ˆ
&x1d508; ğ”ˆ
&Egrave; Ãˆ
&200; Ãˆ
&xc8; Ãˆ
&x00c8; Ãˆ
&Element; âˆˆ
&8712; âˆˆ
&x2208; âˆˆ
&Emacr; Ä’
&274; Ä’
&x0112; Ä’
&EmptySmallSquare; â—»
&9723; â—»
&x25fb; â—»
&EmptyVerySmallSquare; â–«
&9643; â–«
&x25ab; â–«
&Eogon; Ä˜
&280; Ä˜
&x0118; Ä˜
&Eopf; ğ”¼
&120124; ğ”¼
&x1d53c; ğ”¼
&Epsilon; Î•
&917; Î•
&x0395; Î•
&Equal; â©µ
&10869; â©µ
&x2a75; â©µ
&EqualTilde; â‰‚
&8770; â‰‚
&x2242; â‰‚
&Equilibrium; â‡Œ
&8652; â‡Œ
&x21cc; â‡Œ
&Escr; â„°
&8496; â„°
&x2130; â„°
&Esim; â©³
&10867; â©³
&x2a73; â©³
&Eta; Î—
&919; Î—
&x0397; Î—
&Euml; Ã‹
&203; Ã‹
&xcb; Ã‹
&x00cb; Ã‹
&Exists; âˆƒ
&8707; âˆƒ
&x2203; âˆƒ
&ExponentialE; â…‡
&8519; â…‡
&x2147; â…‡
&Fcy; Ğ¤
&1060; Ğ¤
&x0424; Ğ¤
&Ffr; ğ”‰
&120073; ğ”‰
&x1d509; ğ”‰
&FilledSmallSquare; â—¼
&9724; â—¼
&x25fc; â—¼
&FilledVerySmallSquare; â–ª
&9642; â–ª
&x25aa; â–ª
&Fopf; ğ”½
&120125; ğ”½
&x1d53d; ğ”½
&ForAll; âˆ€
&8704; âˆ€
&x2200; âˆ€
&Fouriertrf; â„±
&8497; â„±
&x2131; â„±
&Fscr; â„±
&8497; â„±
&x2131; â„±
&GJcy; Ğƒ
&1027; Ğƒ
&x0403; Ğƒ
&GT; >
&62; >
&x3e; >
&x003e; >
&Gamma; Î“
&915; Î“
&x0393; Î“
&Gammad; Ïœ
&988; Ïœ
&x03dc; Ïœ
&Gbreve; Ä
&286; Ä
&x011e; Ä
&Gcedil; Ä¢
&290; Ä¢
&x0122; Ä¢
&Gcirc; Äœ
&284; Äœ
&x011c; Äœ
&Gcy; Ğ“
&1043; Ğ“
&x0413; Ğ“
&Gdot; Ä 
&288; Ä 
&x0120; Ä 
&Gfr; ğ”Š
&120074; ğ”Š
&x1d50a; ğ”Š
&Gg; â‹™
&8921; â‹™
&x22d9; â‹™
&Gopf; ğ”¾
&120126; ğ”¾
&x1d53e; ğ”¾
&GreaterEqual; â‰¥
&8805; â‰¥
&x2265; â‰¥
&GreaterEqualLess; â‹›
&8923; â‹›
&x22db; â‹›
&GreaterFullEqual; â‰§
&8807; â‰§
&x2267; â‰§
&GreaterGreater; âª¢
&10914; âª¢
&x2aa2; âª¢
&GreaterLess; â‰·
&8823; â‰·
&x2277; â‰·
&GreaterSlantEqual; â©¾
&10878; â©¾
&x2a7e; â©¾
&GreaterTilde; â‰³
&8819; â‰³
&x2273; â‰³
&Gscr; ğ’¢
&119970; ğ’¢
&x1d4a2; ğ’¢
&Gt; â‰«
&8811; â‰«
&x226b; â‰«
&HARDcy; Ğª
&1066; Ğª
&x042a; Ğª
&Hacek; Ë‡
&711; Ë‡
&x02c7; Ë‡
&Hat; ^
&94; ^
&x5e; ^
&x005e; ^
&Hcirc; Ä¤
&292; Ä¤
&x0124; Ä¤
&Hfr; â„Œ
&8460; â„Œ
&x210c; â„Œ
&HilbertSpace; â„‹
&8459; â„‹
&x210b; â„‹
&Hopf; â„
&8461; â„
&x210d; â„
&HorizontalLine; â”€
&9472; â”€
&x2500; â”€
&Hscr; â„‹
&8459; â„‹
&x210b; â„‹
&Hstrok; Ä¦
&294; Ä¦
&x0126; Ä¦
&HumpDownHump; â‰
&8782; â‰
&x224e; â‰
&HumpEqual; â‰
&8783; â‰
&x224f; â‰
&IEcy; Ğ•
&1045; Ğ•
&x0415; Ğ•
&IJlig; Ä²
&306; Ä²
&x0132; Ä²
&IOcy; Ğ
&1025; Ğ
&x0401; Ğ
&Iacute; Ã
&205; Ã
&xcd; Ã
&x00cd; Ã
&Icirc; Ã
&206; Ã
&xce; Ã
&x00ce; Ã
&Icy; Ğ˜
&1048; Ğ˜
&x0418; Ğ˜
&Idot; Ä°
&304; Ä°
&x0130; Ä°
&Ifr; â„‘
&8465; â„‘
&x2111; â„‘
&Igrave; ÃŒ
&204; ÃŒ
&xcc; ÃŒ
&x00cc; ÃŒ
&Im; â„‘
&8465; â„‘
&x2111; â„‘
&Imacr; Äª
&298; Äª
&x012a; Äª
&ImaginaryI; â…ˆ
&8520; â…ˆ
&x2148; â…ˆ
&Implies; â‡’
&8658; â‡’
&x21d2; â‡’
&Int; âˆ¬
&8748; âˆ¬
&x222c; âˆ¬
&Integral; âˆ«
&8747; âˆ«
&x222b; âˆ«
&Intersection; â‹‚
&8898; â‹‚
&x22c2; â‹‚
&InvisibleComma; â£
&8291; â£
&x2063; â£
&InvisibleTimes; â¢
&8290; â¢
&x2062; â¢
&Iogon; Ä®
&302; Ä®
&x012e; Ä®
&Iopf; ğ•€
&120128; ğ•€
&x1d540; ğ•€
&Iota; Î™
&921; Î™
&x0399; Î™
&Iscr; â„
&8464; â„
&x2110; â„
&Itilde; Ä¨
&296; Ä¨
&x0128; Ä¨
&Iukcy; Ğ†
&1030; Ğ†
&x0406; Ğ†
&Iuml; Ã
&207; Ã
&xcf; Ã
&x00cf; Ã
&Jcirc; Ä´
&308; Ä´
&x0134; Ä´
&Jcy; Ğ™
&1049; Ğ™
&x0419; Ğ™
&Jfr; ğ”
&120077; ğ”
&x1d50d; ğ”
&Jopf; ğ•
&120129; ğ•
&x1d541; ğ•
&Jscr; ğ’¥
&119973; ğ’¥
&x1d4a5; ğ’¥
&Jsercy; Ğˆ
&1032; Ğˆ
&x0408; Ğˆ
&Jukcy; Ğ„
&1028; Ğ„
&x0404; Ğ„
&KHcy; Ğ¥
&1061; Ğ¥
&x0425; Ğ¥
&KJcy; ĞŒ
&1036; ĞŒ
&x040c; ĞŒ
&Kappa; Îš
&922; Îš
&x039a; Îš
&Kcedil; Ä¶
&310; Ä¶
&x0136; Ä¶
&Kcy; Ğš
&1050; Ğš
&x041a; Ğš
&Kfr; ğ”
&120078; ğ”
&x1d50e; ğ”
&Kopf; ğ•‚
&120130; ğ•‚
&x1d542; ğ•‚
&Kscr; ğ’¦
&119974; ğ’¦
&x1d4a6; ğ’¦
&LJcy; Ğ‰
&1033; Ğ‰
&x0409; Ğ‰
&LT; <
&60; <
&x3c; <
&x003c; <
&Lacute; Ä¹
&313; Ä¹
&x0139; Ä¹
&Lambda; Î›
&923; Î›
&x039b; Î›
&Lang; âŸª
&10218; âŸª
&x27ea; âŸª
&Laplacetrf; â„’
&8466; â„’
&x2112; â„’
&Larr; â†
&8606; â†
&x219e; â†
&Lcaron; Ä½
&317; Ä½
&x013d; Ä½
&Lcedil; Ä»
&315; Ä»
&x013b; Ä»
&Lcy; Ğ›
&1051; Ğ›
&x041b; Ğ›
&LeftAngleBracket; âŸ¨
&10216; âŸ¨
&x27e8; âŸ¨
&LeftArrow; â†
&8592; â†
&x2190; â†
&LeftArrowBar; â‡¤
&8676; â‡¤
&x21e4; â‡¤
&LeftArrowRightArrow; â‡†
&8646; â‡†
&x21c6; â‡†
&LeftCeiling; âŒˆ
&8968; âŒˆ
&x2308; âŒˆ
&LeftDoubleBracket; âŸ¦
&10214; âŸ¦
&x27e6; âŸ¦
&LeftDownTeeVector; â¥¡
&10593; â¥¡
&x2961; â¥¡
&LeftDownVector; â‡ƒ
&8643; â‡ƒ
&x21c3; â‡ƒ
&LeftDownVectorBar; â¥™
&10585; â¥™
&x2959; â¥™
&LeftFloor; âŒŠ
&8970; âŒŠ
&x230a; âŒŠ
&LeftRightArrow; â†”
&8596; â†”
&x2194; â†”
&LeftRightVector; â¥
&10574; â¥
&x294e; â¥
&LeftTee; âŠ£
&8867; âŠ£
&x22a3; âŠ£
&LeftTeeArrow; â†¤
&8612; â†¤
&x21a4; â†¤
&LeftTeeVector; â¥š
&10586; â¥š
&x295a; â¥š
&LeftTriangle; âŠ²
&8882; âŠ²
&x22b2; âŠ²
&LeftTriangleBar; â§
&10703; â§
&x29cf; â§
&LeftTriangleEqual; âŠ´
&8884; âŠ´
&x22b4; âŠ´
&LeftUpDownVector; â¥‘
&10577; â¥‘
&x2951; â¥‘
&LeftUpTeeVector; â¥ 
&10592; â¥ 
&x2960; â¥ 
&LeftUpVector; â†¿
&8639; â†¿
&x21bf; â†¿
&LeftUpVectorBar; â¥˜
&10584; â¥˜
&x2958; â¥˜
&LeftVector; â†¼
&8636; â†¼
&x21bc; â†¼
&LeftVectorBar; â¥’
&10578; â¥’
&x2952; â¥’
&Leftarrow; â‡
&8656; â‡
&x21d0; â‡
&Leftrightarrow; â‡”
&8660; â‡”
&x21d4; â‡”
&LessEqualGreater; â‹š
&8922; â‹š
&x22da; â‹š
&LessFullEqual; â‰¦
&8806; â‰¦
&x2266; â‰¦
&LessGreater; â‰¶
&8822; â‰¶
&x2276; â‰¶
&LessLess; âª¡
&10913; âª¡
&x2aa1; âª¡
&LessSlantEqual; â©½
&10877; â©½
&x2a7d; â©½
&LessTilde; â‰²
&8818; â‰²
&x2272; â‰²
&Lfr; ğ”
&120079; ğ”
&x1d50f; ğ”
&Ll; â‹˜
&8920; â‹˜
&x22d8; â‹˜
&Lleftarrow; â‡š
&8666; â‡š
&x21da; â‡š
&Lmidot; Ä¿
&319; Ä¿
&x013f; Ä¿
&LongLeftArrow; âŸµ
&10229; âŸµ
&x27f5; âŸµ
&LongLeftRightArrow; âŸ·
&10231; âŸ·
&x27f7; âŸ·
&LongRightArrow; âŸ¶
&10230; âŸ¶
&x27f6; âŸ¶
&Longleftarrow; âŸ¸
&10232; âŸ¸
&x27f8; âŸ¸
&Longleftrightarrow; âŸº
&10234; âŸº
&x27fa; âŸº
&Longrightarrow; âŸ¹
&10233; âŸ¹
&x27f9; âŸ¹
&Lopf; ğ•ƒ
&120131; ğ•ƒ
&x1d543; ğ•ƒ
&LowerLeftArrow; â†™
&8601; â†™
&x2199; â†™
&LowerRightArrow; â†˜
&8600; â†˜
&x2198; â†˜
&Lscr; â„’
&8466; â„’
&x2112; â„’
&Lsh; â†°
&8624; â†°
&x21b0; â†°
&Lstrok; Å
&321; Å
&x0141; Å
&Lt; â‰ª
&8810; â‰ª
&x226a; â‰ª
&Map; â¤…
&10501; â¤…
&x2905; â¤…
&Mcy; Ğœ
&1052; Ğœ
&x041c; Ğœ
&MediumSpace; âŸ
&8287; âŸ
&x205f; âŸ
&Mellintrf; â„³
&8499; â„³
&x2133; â„³
&Mfr; ğ”
&120080; ğ”
&x1d510; ğ”
&MinusPlus; âˆ“
&8723; âˆ“
&x2213; âˆ“
&Mopf; ğ•„
&120132; ğ•„
&x1d544; ğ•„
&Mscr; â„³
&8499; â„³
&x2133; â„³
&Mu; Îœ
&924; Îœ
&x039c; Îœ
&NJcy; ĞŠ
&1034; ĞŠ
&x040a; ĞŠ
&Nacute; Åƒ
&323; Åƒ
&x0143; Åƒ
&Ncaron; Å‡
&327; Å‡
&x0147; Å‡
&Ncedil; Å…
&325; Å…
&x0145; Å…
&Ncy; Ğ
&1053; Ğ
&x041d; Ğ
&NegativeMediumSpace; â€‹
&8203; â€‹
&x200b; â€‹
&NegativeThickSpace; â€‹
&8203; â€‹
&x200b; â€‹
&NegativeThinSpace; â€‹
&8203; â€‹
&x200b; â€‹
&NegativeVeryThinSpace; â€‹
&8203; â€‹
&x200b; â€‹
&NestedGreaterGreater; â‰«
&8811; â‰«
&x226b; â‰«
&NestedLessLess; â‰ª
&8810; â‰ª
&x226a; â‰ª
&NewLine; \n
&10; \n
&xa; \n
&x0a; \n
&x000a; \n
&Nfr; ğ”‘
&120081; ğ”‘
&x1d511; ğ”‘
&NoBreak; â 
&8288; â 
&x2060; â 
&NonBreakingSpace; Â 
&160; Â 
&xa0; Â 
&x00a0; Â 
&Nopf; â„•
&8469; â„•
&x2115; â„•
&Not; â«¬
&10988; â«¬
&x2aec; â«¬
&NotCongruent; â‰¢
&8802; â‰¢
&x2262; â‰¢
&NotCupCap; â‰­
&8813; â‰­
&x226d; â‰­
&NotDoubleVerticalBar; âˆ¦
&8742; âˆ¦
&x2226; âˆ¦
&NotElement; âˆ‰
&8713; âˆ‰
&x2209; âˆ‰
&NotEqual; â‰ 
&8800; â‰ 
&x2260; â‰ 
&NotEqualTilde; â‰‚Ì¸
&8770; â‰‚Ì¸
&x2242; â‰‚Ì¸
&824; â‰‚Ì¸
&x0338; â‰‚Ì¸
&NotExists; âˆ„
&8708; âˆ„
&x2204; âˆ„
&NotGreater; â‰¯
&8815; â‰¯
&x226f; â‰¯
&NotGreaterEqual; â‰±
&8817; â‰±
&x2271; â‰±
&NotGreaterFullEqual; â‰§Ì¸
&8807; â‰§Ì¸
&x2267; â‰§Ì¸
&824; â‰§Ì¸
&x0338; â‰§Ì¸
&NotGreaterGreater; â‰«Ì¸
&8811; â‰«Ì¸
&x226b; â‰«Ì¸
&824; â‰«Ì¸
&x0338; â‰«Ì¸
&NotGreaterLess; â‰¹
&8825; â‰¹
&x2279; â‰¹
&NotGreaterSlantEqual; â©¾Ì¸
&10878; â©¾Ì¸
&x2a7e; â©¾Ì¸
&824; â©¾Ì¸
&x0338; â©¾Ì¸
&NotGreaterTilde; â‰µ
&8821; â‰µ
&x2275; â‰µ
&NotHumpDownHump; â‰Ì¸
&8782; â‰Ì¸
&x224e; â‰Ì¸
&824; â‰Ì¸
&x0338; â‰Ì¸
&NotHumpEqual; â‰Ì¸
&8783; â‰Ì¸
&x224f; â‰Ì¸
&824; â‰Ì¸
&x0338; â‰Ì¸
&NotLeftTriangle; â‹ª
&8938; â‹ª
&x22ea; â‹ª
&NotLeftTriangleBar; â§Ì¸
&10703; â§Ì¸
&x29cf; â§Ì¸
&824; â§Ì¸
&x0338; â§Ì¸
&NotLeftTriangleEqual; â‹¬
&8940; â‹¬
&x22ec; â‹¬
&NotLess; â‰®
&8814; â‰®
&x226e; â‰®
&NotLessEqual; â‰°
&8816; â‰°
&x2270; â‰°
&NotLessGreater; â‰¸
&8824; â‰¸
&x2278; â‰¸
&NotLessLess; â‰ªÌ¸
&8810; â‰ªÌ¸
&x226a; â‰ªÌ¸
&824; â‰ªÌ¸
&x0338; â‰ªÌ¸
&NotLessSlantEqual; â©½Ì¸
&10877; â©½Ì¸
&x2a7d; â©½Ì¸
&824; â©½Ì¸
&x0338; â©½Ì¸
&NotLessTilde; â‰´
&8820; â‰´
&x2274; â‰´
&NotNestedGreaterGreater; âª¢Ì¸
&10914; âª¢Ì¸
&x2aa2; âª¢Ì¸
&824; âª¢Ì¸
&x0338; âª¢Ì¸
&NotNestedLessLess; âª¡Ì¸
&10913; âª¡Ì¸
&x2aa1; âª¡Ì¸
&824; âª¡Ì¸
&x0338; âª¡Ì¸
&NotPrecedes; âŠ€
&8832; âŠ€
&x2280; âŠ€
&NotPrecedesEqual; âª¯Ì¸
&10927; âª¯Ì¸
&x2aaf; âª¯Ì¸
&824; âª¯Ì¸
&x0338; âª¯Ì¸
&NotPrecedesSlantEqual; â‹ 
&8928; â‹ 
&x22e0; â‹ 
&NotReverseElement; âˆŒ
&8716; âˆŒ
&x220c; âˆŒ
&NotRightTriangle; â‹«
&8939; â‹«
&x22eb; â‹«
&NotRightTriangleBar; â§Ì¸
&10704; â§Ì¸
&x29d0; â§Ì¸
&824; â§Ì¸
&x0338; â§Ì¸
&NotRightTriangleEqual; â‹­
&8941; â‹­
&x22ed; â‹­
&NotSquareSubset; âŠÌ¸
&8847; âŠÌ¸
&x228f; âŠÌ¸
&824; âŠÌ¸
&x0338; âŠÌ¸
&NotSquareSubsetEqual; â‹¢
&8930; â‹¢
&x22e2; â‹¢
&NotSquareSuperset; âŠÌ¸
&8848; âŠÌ¸
&x2290; âŠÌ¸
&824; âŠÌ¸
&x0338; âŠÌ¸
&NotSquareSupersetEqual; â‹£
&8931; â‹£
&x22e3; â‹£
&NotSubset; âŠ‚âƒ’
&8834; âŠ‚âƒ’
&x2282; âŠ‚âƒ’
&8402; âŠ‚âƒ’
&x20d2; âŠ‚âƒ’
&NotSubsetEqual; âŠˆ
&8840; âŠˆ
&x2288; âŠˆ
&NotSucceeds; âŠ
&8833; âŠ
&x2281; âŠ
&NotSucceedsEqual; âª°Ì¸
&10928; âª°Ì¸
&x2ab0; âª°Ì¸
&824; âª°Ì¸
&x0338; âª°Ì¸
&NotSucceedsSlantEqual; â‹¡
&8929; â‹¡
&x22e1; â‹¡
&NotSucceedsTilde; â‰¿Ì¸
&8831; â‰¿Ì¸
&x227f; â‰¿Ì¸
&824; â‰¿Ì¸
&x0338; â‰¿Ì¸
&NotSuperset; âŠƒâƒ’
&8835; âŠƒâƒ’
&x2283; âŠƒâƒ’
&8402; âŠƒâƒ’
&x20d2; âŠƒâƒ’
&NotSupersetEqual; âŠ‰
&8841; âŠ‰
&x2289; âŠ‰
&NotTilde; â‰
&8769; â‰
&x2241; â‰
&NotTildeEqual; â‰„
&8772; â‰„
&x2244; â‰„
&NotTildeFullEqual; â‰‡
&8775; â‰‡
&x2247; â‰‡
&NotTildeTilde; â‰‰
&8777; â‰‰
&x2249; â‰‰
&NotVerticalBar; âˆ¤
&8740; âˆ¤
&x2224; âˆ¤
&Nscr; ğ’©
&119977; ğ’©
&x1d4a9; ğ’©
&Ntilde; Ã‘
&209; Ã‘
&xd1; Ã‘
&x00d1; Ã‘
&Nu; Î
&925; Î
&x039d; Î
&OElig; Å’
&338; Å’
&x0152; Å’
&Oacute; Ã“
&211; Ã“
&xd3; Ã“
&x00d3; Ã“
&Ocirc; Ã”
&212; Ã”
&xd4; Ã”
&x00d4; Ã”
&Ocy; Ğ
&1054; Ğ
&x041e; Ğ
&Odblac; Å
&336; Å
&x0150; Å
&Ofr; ğ”’
&120082; ğ”’
&x1d512; ğ”’
&Ograve; Ã’
&210; Ã’
&xd2; Ã’
&x00d2; Ã’
&Omacr; ÅŒ
&332; ÅŒ
&x014c; ÅŒ
&Omega; Î©
&937; Î©
&x03a9; Î©
&Omicron; ÎŸ
&927; ÎŸ
&x039f; ÎŸ
&Oopf; ğ•†
&120134; ğ•†
&x1d546; ğ•†
&OpenCurlyDoubleQuote; â€œ
&8220; â€œ
&x201c; â€œ
&OpenCurlyQuote; â€˜
&8216; â€˜
&x2018; â€˜
&Or; â©”
&10836; â©”
&x2a54; â©”
&Oscr; ğ’ª
&119978; ğ’ª
&x1d4aa; ğ’ª
&Oslash; Ã˜
&216; Ã˜
&xd8; Ã˜
&x00d8; Ã˜
&Otilde; Ã•
&213; Ã•
&xd5; Ã•
&x00d5; Ã•
&Otimes; â¨·
&10807; â¨·
&x2a37; â¨·
&Ouml; Ã–
&214; Ã–
&xd6; Ã–
&x00d6; Ã–
&OverBar; â€¾
&8254; â€¾
&x203e; â€¾
&OverBrace; â
&9182; â
&x23de; â
&OverBracket; â´
&9140; â´
&x23b4; â´
&OverParenthesis; âœ
&9180; âœ
&x23dc; âœ
&PartialD; âˆ‚
&8706; âˆ‚
&x2202; âˆ‚
&Pcy; ĞŸ
&1055; ĞŸ
&x041f; ĞŸ
&Pfr; ğ”“
&120083; ğ”“
&x1d513; ğ”“
&Phi; Î¦
&934; Î¦
&x03a6; Î¦
&Pi; Î 
&928; Î 
&x03a0; Î 
&PlusMinus; Â±
&177; Â±
&xb1; Â±
&x00b1; Â±
&Poincareplane; â„Œ
&8460; â„Œ
&x210c; â„Œ
&Popf; â„™
&8473; â„™
&x2119; â„™
&Pr; âª»
&10939; âª»
&x2abb; âª»
&Precedes; â‰º
&8826; â‰º
&x227a; â‰º
&PrecedesEqual; âª¯
&10927; âª¯
&x2aaf; âª¯
&PrecedesSlantEqual; â‰¼
&8828; â‰¼
&x227c; â‰¼
&PrecedesTilde; â‰¾
&8830; â‰¾
&x227e; â‰¾
&Prime; â€³
&8243; â€³
&x2033; â€³
&Product; âˆ
&8719; âˆ
&x220f; âˆ
&Proportion; âˆ·
&8759; âˆ·
&x2237; âˆ·
&Proportional; âˆ
&8733; âˆ
&x221d; âˆ
&Pscr; ğ’«
&119979; ğ’«
&x1d4ab; ğ’«
&Psi; Î¨
&936; Î¨
&x03a8; Î¨
&QUOT; "
&34; "
&x22; "
&x0022; "
&Qfr; ğ””
&120084; ğ””
&x1d514; ğ””
&Qopf; â„š
&8474; â„š
&x211a; â„š
&Qscr; ğ’¬
&119980; ğ’¬
&x1d4ac; ğ’¬
&RBarr; â¤
&10512; â¤
&x2910; â¤
&REG; Â®
&174; Â®
&xae; Â®
&x00ae; Â®
&Racute; Å”
&340; Å”
&x0154; Å”
&Rang; âŸ«
&10219; âŸ«
&x27eb; âŸ«
&Rarr; â† 
&8608; â† 
&x21a0; â† 
&Rarrtl; â¤–
&10518; â¤–
&x2916; â¤–
&Rcaron; Å˜
&344; Å˜
&x0158; Å˜
&Rcedil; Å–
&342; Å–
&x0156; Å–
&Rcy; Ğ 
&1056; Ğ 
&x0420; Ğ 
&Re; â„œ
&8476; â„œ
&x211c; â„œ
&ReverseElement; âˆ‹
&8715; âˆ‹
&x220b; âˆ‹
&ReverseEquilibrium; â‡‹
&8651; â‡‹
&x21cb; â‡‹
&ReverseUpEquilibrium; â¥¯
&10607; â¥¯
&x296f; â¥¯
&Rfr; â„œ
&8476; â„œ
&x211c; â„œ
&Rho; Î¡
&929; Î¡
&x03a1; Î¡
&RightAngleBracket; âŸ©
&10217; âŸ©
&x27e9; âŸ©
&RightArrow; â†’
&8594; â†’
&x2192; â†’
&RightArrowBar; â‡¥
&8677; â‡¥
&x21e5; â‡¥
&RightArrowLeftArrow; â‡„
&8644; â‡„
&x21c4; â‡„
&RightCeiling; âŒ‰
&8969; âŒ‰
&x2309; âŒ‰
&RightDoubleBracket; âŸ§
&10215; âŸ§
&x27e7; âŸ§
&RightDownTeeVector; â¥
&10589; â¥
&x295d; â¥
&RightDownVector; â‡‚
&8642; â‡‚
&x21c2; â‡‚
&RightDownVectorBar; â¥•
&10581; â¥•
&x2955; â¥•
&RightFloor; âŒ‹
&8971; âŒ‹
&x230b; âŒ‹
&RightTee; âŠ¢
&8866; âŠ¢
&x22a2; âŠ¢
&RightTeeArrow; â†¦
&8614; â†¦
&x21a6; â†¦
&RightTeeVector; â¥›
&10587; â¥›
&x295b; â¥›
&RightTriangle; âŠ³
&8883; âŠ³
&x22b3; âŠ³
&RightTriangleBar; â§
&10704; â§
&x29d0; â§
&RightTriangleEqual; âŠµ
&8885; âŠµ
&x22b5; âŠµ
&RightUpDownVector; â¥
&10575; â¥
&x294f; â¥
&RightUpTeeVector; â¥œ
&10588; â¥œ
&x295c; â¥œ
&RightUpVector; â†¾
&8638; â†¾
&x21be; â†¾
&RightUpVectorBar; â¥”
&10580; â¥”
&x2954; â¥”
&RightVector; â‡€
&8640; â‡€
&x21c0; â‡€
&RightVectorBar; â¥“
&10579; â¥“
&x2953; â¥“
&Rightarrow; â‡’
&8658; â‡’
&x21d2; â‡’
&Ropf; â„
&8477; â„
&x211d; â„
&RoundImplies; â¥°
&10608; â¥°
&x2970; â¥°
&Rrightarrow; â‡›
&8667; â‡›
&x21db; â‡›
&Rscr; â„›
&8475; â„›
&x211b; â„›
&Rsh; â†±
&8625; â†±
&x21b1; â†±
&RuleDelayed; â§´
&10740; â§´
&x29f4; â§´
&SHCHcy; Ğ©
&1065; Ğ©
&x0429; Ğ©
&SHcy; Ğ¨
&1064; Ğ¨
&x0428; Ğ¨
&SOFTcy; Ğ¬
&1068; Ğ¬
&x042c; Ğ¬
&Sacute; Åš
&346; Åš
&x015a; Åš
&Sc; âª¼
&10940; âª¼
&x2abc; âª¼
&Scaron; Å 
&352; Å 
&x0160; Å 
&Scedil; Å
&350; Å
&x015e; Å
&Scirc; Åœ
&348; Åœ
&x015c; Åœ
&Scy; Ğ¡
&1057; Ğ¡
&x0421; Ğ¡
&Sfr; ğ”–
&120086; ğ”–
&x1d516; ğ”–
&ShortDownArrow; â†“
&8595; â†“
&x2193; â†“
&ShortLeftArrow; â†
&8592; â†
&x2190; â†
&ShortRightArrow; â†’
&8594; â†’
&x2192; â†’
&ShortUpArrow; â†‘
&8593; â†‘
&x2191; â†‘
&Sigma; Î£
&931; Î£
&x03a3; Î£
&SmallCircle; âˆ˜
&8728; âˆ˜
&x2218; âˆ˜
&Sopf; ğ•Š
&120138; ğ•Š
&x1d54a; ğ•Š
&Sqrt; âˆš
&8730; âˆš
&x221a; âˆš
&Square; â–¡
&9633; â–¡
&x25a1; â–¡
&SquareIntersection; âŠ“
&8851; âŠ“
&x2293; âŠ“
&SquareSubset; âŠ
&8847; âŠ
&x228f; âŠ
&SquareSubsetEqual; âŠ‘
&8849; âŠ‘
&x2291; âŠ‘
&SquareSuperset; âŠ
&8848; âŠ
&x2290; âŠ
&SquareSupersetEqual; âŠ’
&8850; âŠ’
&x2292; âŠ’
&SquareUnion; âŠ”
&8852; âŠ”
&x2294; âŠ”
&Sscr; ğ’®
&119982; ğ’®
&x1d4ae; ğ’®
&Star; â‹†
&8902; â‹†
&x22c6; â‹†
&Sub; â‹
&8912; â‹
&x22d0; â‹
&Subset; â‹
&8912; â‹
&x22d0; â‹
&SubsetEqual; âŠ†
&8838; âŠ†
&x2286; âŠ†
&Succeeds; â‰»
&8827; â‰»
&x227b; â‰»
&SucceedsEqual; âª°
&10928; âª°
&x2ab0; âª°
&SucceedsSlantEqual; â‰½
&8829; â‰½
&x227d; â‰½
&SucceedsTilde; â‰¿
&8831; â‰¿
&x227f; â‰¿
&SuchThat; âˆ‹
&8715; âˆ‹
&x220b; âˆ‹
&Sum; âˆ‘
&8721; âˆ‘
&x2211; âˆ‘
&Sup; â‹‘
&8913; â‹‘
&x22d1; â‹‘
&Superset; âŠƒ
&8835; âŠƒ
&x2283; âŠƒ
&SupersetEqual; âŠ‡
&8839; âŠ‡
&x2287; âŠ‡
&Supset; â‹‘
&8913; â‹‘
&x22d1; â‹‘
&THORN; Ã
&222; Ã
&xde; Ã
&x00de; Ã
&TRADE; â„¢
&8482; â„¢
&x2122; â„¢
&TSHcy; Ğ‹
&1035; Ğ‹
&x040b; Ğ‹
&TScy; Ğ¦
&1062; Ğ¦
&x0426; Ğ¦
&Tab; \t
&9; \t
&x9; \t
&x09; \t
&x0009; \t
&Tau; Î¤
&932; Î¤
&x03a4; Î¤
&Tcaron; Å¤
&356; Å¤
&x0164; Å¤
&Tcedil; Å¢
&354; Å¢
&x0162; Å¢
&Tcy; Ğ¢
&1058; Ğ¢
&x0422; Ğ¢
&Tfr; ğ”—
&120087; ğ”—
&x1d517; ğ”—
&Therefore; âˆ´
&8756; âˆ´
&x2234; âˆ´
&Theta; Î˜
&920; Î˜
&x0398; Î˜
&ThickSpace; âŸâ€Š
&8287; âŸâ€Š
&x205f; âŸâ€Š
&8202; âŸâ€Š
&x200a; âŸâ€Š
&ThinSpace; â€‰
&8201; â€‰
&x2009; â€‰
&Tilde; âˆ¼
&8764; âˆ¼
&x223c; âˆ¼
&TildeEqual; â‰ƒ
&8771; â‰ƒ
&x2243; â‰ƒ
&TildeFullEqual; â‰…
&8773; â‰…
&x2245; â‰…
&TildeTilde; â‰ˆ
&8776; â‰ˆ
&x2248; â‰ˆ
&Topf; ğ•‹
&120139; ğ•‹
&x1d54b; ğ•‹
&TripleDot; âƒ›
&8411; âƒ›
&x20db; âƒ›
&Tscr; ğ’¯
&119983; ğ’¯
&x1d4af; ğ’¯
&Tstrok; Å¦
&358; Å¦
&x0166; Å¦
&Uacute; Ãš
&218; Ãš
&xda; Ãš
&x00da; Ãš
&Uarr; â†Ÿ
&8607; â†Ÿ
&x219f; â†Ÿ
&Uarrocir; â¥‰
&10569; â¥‰
&x2949; â¥‰
&Ubrcy; Ğ
&1038; Ğ
&x040e; Ğ
&Ubreve; Å¬
&364; Å¬
&x016c; Å¬
&Ucirc; Ã›
&219; Ã›
&xdb; Ã›
&x00db; Ã›
&Ucy; Ğ£
&1059; Ğ£
&x0423; Ğ£
&Udblac; Å°
&368; Å°
&x0170; Å°
&Ufr; ğ”˜
&120088; ğ”˜
&x1d518; ğ”˜
&Ugrave; Ã™
&217; Ã™
&xd9; Ã™
&x00d9; Ã™
&Umacr; Åª
&362; Åª
&x016a; Åª
&UnderBar; _
&95; _
&x5f; _
&x005f; _
&UnderBrace; âŸ
&9183; âŸ
&x23df; âŸ
&UnderBracket; âµ
&9141; âµ
&x23b5; âµ
&UnderParenthesis; â
&9181; â
&x23dd; â
&Union; â‹ƒ
&8899; â‹ƒ
&x22c3; â‹ƒ
&UnionPlus; âŠ
&8846; âŠ
&x228e; âŠ
&Uogon; Å²
&370; Å²
&x0172; Å²
&Uopf; ğ•Œ
&120140; ğ•Œ
&x1d54c; ğ•Œ
&UpArrow; â†‘
&8593; â†‘
&x2191; â†‘
&UpArrowBar; â¤’
&10514; â¤’
&x2912; â¤’
&UpArrowDownArrow; â‡…
&8645; â‡…
&x21c5; â‡…
&UpDownArrow; â†•
&8597; â†•
&x2195; â†•
&UpEquilibrium; â¥®
&10606; â¥®
&x296e; â¥®
&UpTee; âŠ¥
&8869; âŠ¥
&x22a5; âŠ¥
&UpTeeArrow; â†¥
&8613; â†¥
&x21a5; â†¥
&Uparrow; â‡‘
&8657; â‡‘
&x21d1; â‡‘
&Updownarrow; â‡•
&8661; â‡•
&x21d5; â‡•
&UpperLeftArrow; â†–
&8598; â†–
&x2196; â†–
&UpperRightArrow; â†—
&8599; â†—
&x2197; â†—
&Upsi; Ï’
&978; Ï’
&x03d2; Ï’
&Upsilon; Î¥
&933; Î¥
&x03a5; Î¥
&Uring; Å®
&366; Å®
&x016e; Å®
&Uscr; ğ’°
&119984; ğ’°
&x1d4b0; ğ’°
&Utilde; Å¨
&360; Å¨
&x0168; Å¨
&Uuml; Ãœ
&220; Ãœ
&xdc; Ãœ
&x00dc; Ãœ
&VDash; âŠ«
&8875; âŠ«
&x22ab; âŠ«
&Vbar; â««
&10987; â««
&x2aeb; â««
&Vcy; Ğ’
&1042; Ğ’
&x0412; Ğ’
&Vdash; âŠ©
&8873; âŠ©
&x22a9; âŠ©
&Vdashl; â«¦
&10982; â«¦
&x2ae6; â«¦
&Vee; â‹
&8897; â‹
&x22c1; â‹
&Verbar; â€–
&8214; â€–
&x2016; â€–
&Vert; â€–
&8214; â€–
&x2016; â€–
&VerticalBar; âˆ£
&8739; âˆ£
&x2223; âˆ£
&VerticalLine; |
&124; |
&x7c; |
&x007c; |
&VerticalSeparator; â˜
&10072; â˜
&x2758; â˜
&VerticalTilde; â‰€
&8768; â‰€
&x2240; â‰€
&VeryThinSpace; â€Š
&8202; â€Š
&x200a; â€Š
&Vfr; ğ”™
&120089; ğ”™
&x1d519; ğ”™
&Vopf; ğ•
&120141; ğ•
&x1d54d; ğ•
&Vscr; ğ’±
&119985; ğ’±
&x1d4b1; ğ’±
&Vvdash; âŠª
&8874; âŠª
&x22aa; âŠª
&Wcirc; Å´
&372; Å´
&x0174; Å´
&Wedge; â‹€
&8896; â‹€
&x22c0; â‹€
&Wfr; ğ”š
&120090; ğ”š
&x1d51a; ğ”š
&Wopf; ğ•
&120142; ğ•
&x1d54e; ğ•
&Wscr; ğ’²
&119986; ğ’²
&x1d4b2; ğ’²
&Xfr; ğ”›
&120091; ğ”›
&x1d51b; ğ”›
&Xi; Î
&926; Î
&x039e; Î
&Xopf; ğ•
&120143; ğ•
&x1d54f; ğ•
&Xscr; ğ’³
&119987; ğ’³
&x1d4b3; ğ’³
&YAcy; Ğ¯
&1071; Ğ¯
&x042f; Ğ¯
&YIcy; Ğ‡
&1031; Ğ‡
&x0407; Ğ‡
&YUcy; Ğ®
&1070; Ğ®
&x042e; Ğ®
&Yacute; Ã
&221; Ã
&xdd; Ã
&x00dd; Ã
&Ycirc; Å¶
&374; Å¶
&x0176; Å¶
&Ycy; Ğ«
&1067; Ğ«
&x042b; Ğ«
&Yfr; ğ”œ
&120092; ğ”œ
&x1d51c; ğ”œ
&Yopf; ğ•
&120144; ğ•
&x1d550; ğ•
&Yscr; ğ’´
&119988; ğ’´
&x1d4b4; ğ’´
&Yuml; Å¸
&376; Å¸
&x0178; Å¸
&ZHcy; Ğ–
&1046; Ğ–
&x0416; Ğ–
&Zacute; Å¹
&377; Å¹
&x0179; Å¹
&Zcaron; Å½
&381; Å½
&x017d; Å½
&Zcy; Ğ—
&1047; Ğ—
&x0417; Ğ—
&Zdot; Å»
&379; Å»
&x017b; Å»
&ZeroWidthSpace; â€‹
&8203; â€‹
&x200b; â€‹
&Zeta; Î–
&918; Î–
&x0396; Î–
&Zfr; â„¨
&8488; â„¨
&x2128; â„¨
&Zopf; â„¤
&8484; â„¤
&x2124; â„¤
&Zscr; ğ’µ
&119989; ğ’µ
&x1d4b5; ğ’µ
&aacute; Ã¡
&225; Ã¡
&xe1; Ã¡
&x00e1; Ã¡
&abreve; Äƒ
&259; Äƒ
&x0103; Äƒ
&ac; âˆ¾
&8766; âˆ¾
&x223e; âˆ¾
&acE; âˆ¾Ì³
&8766; âˆ¾Ì³
&x223e; âˆ¾Ì³
&819; âˆ¾Ì³
&x0333; âˆ¾Ì³
&acd; âˆ¿
&8767; âˆ¿
&x223f; âˆ¿
&acirc; Ã¢
&226; Ã¢
&xe2; Ã¢
&x00e2; Ã¢
&acute; Â´
&180; Â´
&xb4; Â´
&x00b4; Â´
&acy; Ğ°
&1072; Ğ°
&x0430; Ğ°
&aelig; Ã¦
&230; Ã¦
&xe6; Ã¦
&x00e6; Ã¦
&af; â¡
&8289; â¡
&x2061; â¡
&afr; ğ”
&120094; ğ”
&x1d51e; ğ”
&agrave; Ã 
&224; Ã 
&xe0; Ã 
&x00e0; Ã 
&alefsym; â„µ
&8501; â„µ
&x2135; â„µ
&aleph; â„µ
&8501; â„µ
&x2135; â„µ
&alpha; Î±
&945; Î±
&x03b1; Î±
&amacr; Ä
&257; Ä
&x0101; Ä
&amalg; â¨¿
&10815; â¨¿
&x2a3f; â¨¿
&amp; &
&38; &
&x26; &
&x0026; &
&and; âˆ§
&8743; âˆ§
&x2227; âˆ§
&andand; â©•
&10837; â©•
&x2a55; â©•
&andd; â©œ
&10844; â©œ
&x2a5c; â©œ
&andslope; â©˜
&10840; â©˜
&x2a58; â©˜
&andv; â©š
&10842; â©š
&x2a5a; â©š
&ang; âˆ 
&8736; âˆ 
&x2220; âˆ 
&ange; â¦¤
&10660; â¦¤
&x29a4; â¦¤
&angle; âˆ 
&8736; âˆ 
&x2220; âˆ 
&angmsd; âˆ¡
&8737; âˆ¡
&x2221; âˆ¡
&angmsdaa; â¦¨
&10664; â¦¨
&x29a8; â¦¨
&angmsdab; â¦©
&10665; â¦©
&x29a9; â¦©
&angmsdac; â¦ª
&10666; â¦ª
&x29aa; â¦ª
&angmsdad; â¦«
&10667; â¦«
&x29ab; â¦«
&angmsdae; â¦¬
&10668; â¦¬
&x29ac; â¦¬
&angmsdaf; â¦­
&10669; â¦­
&x29ad; â¦­
&angmsdag; â¦®
&10670; â¦®
&x29ae; â¦®
&angmsdah; â¦¯
&10671; â¦¯
&x29af; â¦¯
&angrt; âˆŸ
&8735; âˆŸ
&x221f; âˆŸ
&angrtvb; âŠ¾
&8894; âŠ¾
&x22be; âŠ¾
&angrtvbd; â¦
&10653; â¦
&x299d; â¦
&angsph; âˆ¢
&8738; âˆ¢
&x2222; âˆ¢
&angst; Ã…
&197; Ã…
&xc5; Ã…
&x00c5; Ã…
&angzarr; â¼
&9084; â¼
&x237c; â¼
&aogon; Ä…
&261; Ä…
&x0105; Ä…
&aopf; ğ•’
&120146; ğ•’
&x1d552; ğ•’
&ap; â‰ˆ
&8776; â‰ˆ
&x2248; â‰ˆ
&apE; â©°
&10864; â©°
&x2a70; â©°
&apacir; â©¯
&10863; â©¯
&x2a6f; â©¯
&ape; â‰Š
&8778; â‰Š
&x224a; â‰Š
&apid; â‰‹
&8779; â‰‹
&x224b; â‰‹
&apos; '
&39; '
&x27; '
&x0027; '
&approx; â‰ˆ
&8776; â‰ˆ
&x2248; â‰ˆ
&approxeq; â‰Š
&8778; â‰Š
&x224a; â‰Š
&aring; Ã¥
&229; Ã¥
&xe5; Ã¥
&x00e5; Ã¥
&ascr; ğ’¶
&119990; ğ’¶
&x1d4b6; ğ’¶
&ast; *
&42; *
&x2a; *
&x002a; *
&asymp; â‰ˆ
&8776; â‰ˆ
&x2248; â‰ˆ
&asympeq; â‰
&8781; â‰
&x224d; â‰
&atilde; Ã£
&227; Ã£
&xe3; Ã£
&x00e3; Ã£
&auml; Ã¤
&228; Ã¤
&xe4; Ã¤
&x00e4; Ã¤
&awconint; âˆ³
&8755; âˆ³
&x2233; âˆ³
&awint; â¨‘
&10769; â¨‘
&x2a11; â¨‘
&bNot; â«­
&10989; â«­
&x2aed; â«­
&backcong; â‰Œ
&8780; â‰Œ
&x224c; â‰Œ
&backepsilon; Ï¶
&1014; Ï¶
&x03f6; Ï¶
&backprime; â€µ
&8245; â€µ
&x2035; â€µ
&backsim; âˆ½
&8765; âˆ½
&x223d; âˆ½
&backsimeq; â‹
&8909; â‹
&x22cd; â‹
&barvee; âŠ½
&8893; âŠ½
&x22bd; âŠ½
&barwed; âŒ…
&8965; âŒ…
&x2305; âŒ…
&barwedge; âŒ…
&8965; âŒ…
&x2305; âŒ…
&bbrk; âµ
&9141; âµ
&x23b5; âµ
&bbrktbrk; â¶
&9142; â¶
&x23b6; â¶
&bcong; â‰Œ
&8780; â‰Œ
&x224c; â‰Œ
&bcy; Ğ±
&1073; Ğ±
&x0431; Ğ±
&bdquo; â€
&8222; â€
&x201e; â€
&becaus; âˆµ
&8757; âˆµ
&x2235; âˆµ
&because; âˆµ
&8757; âˆµ
&x2235; âˆµ
&bemptyv; â¦°
&10672; â¦°
&x29b0; â¦°
&bepsi; Ï¶
&1014; Ï¶
&x03f6; Ï¶
&bernou; â„¬
&8492; â„¬
&x212c; â„¬
&beta; Î²
&946; Î²
&x03b2; Î²
&beth; â„¶
&8502; â„¶
&x2136; â„¶
&between; â‰¬
&8812; â‰¬
&x226c; â‰¬
&bfr; ğ”Ÿ
&120095; ğ”Ÿ
&x1d51f; ğ”Ÿ
&bigcap; â‹‚
&8898; â‹‚
&x22c2; â‹‚
&bigcirc; â—¯
&9711; â—¯
&x25ef; â—¯
&bigcup; â‹ƒ
&8899; â‹ƒ
&x22c3; â‹ƒ
&bigodot; â¨€
&10752; â¨€
&x2a00; â¨€
&bigoplus; â¨
&10753; â¨
&x2a01; â¨
&bigotimes; â¨‚
&10754; â¨‚
&x2a02; â¨‚
&bigsqcup; â¨†
&10758; â¨†
&x2a06; â¨†
&bigstar; â˜…
&9733; â˜…
&x2605; â˜…
&bigtriangledown; â–½
&9661; â–½
&x25bd; â–½
&bigtriangleup; â–³
&9651; â–³
&x25b3; â–³
&biguplus; â¨„
&10756; â¨„
&x2a04; â¨„
&bigvee; â‹
&8897; â‹
&x22c1; â‹
&bigwedge; â‹€
&8896; â‹€
&x22c0; â‹€
&bkarow; â¤
&10509; â¤
&x290d; â¤
&blacklozenge; â§«
&10731; â§«
&x29eb; â§«
&blacksquare; â–ª
&9642; â–ª
&x25aa; â–ª
&blacktriangle; â–´
&9652; â–´
&x25b4; â–´
&blacktriangledown; â–¾
&9662; â–¾
&x25be; â–¾
&blacktriangleleft; â—‚
&9666; â—‚
&x25c2; â—‚
&blacktriangleright; â–¸
&9656; â–¸
&x25b8; â–¸
&blank; â£
&9251; â£
&x2423; â£
&blk12; â–’
&9618; â–’
&x2592; â–’
&blk14; â–‘
&9617; â–‘
&x2591; â–‘
&blk34; â–“
&9619; â–“
&x2593; â–“
&block; â–ˆ
&9608; â–ˆ
&x2588; â–ˆ
&bne; =âƒ¥
&61; =âƒ¥
&x3d; =âƒ¥
&x003d; =âƒ¥
&8421; =âƒ¥
&x20e5; =âƒ¥
&bnequiv; â‰¡âƒ¥
&8801; â‰¡âƒ¥
&x2261; â‰¡âƒ¥
&8421; â‰¡âƒ¥
&x20e5; â‰¡âƒ¥
&bnot; âŒ
&8976; âŒ
&x2310; âŒ
&bopf; ğ•“
&120147; ğ•“
&x1d553; ğ•“
&bot; âŠ¥
&8869; âŠ¥
&x22a5; âŠ¥
&bottom; âŠ¥
&8869; âŠ¥
&x22a5; âŠ¥
&bowtie; â‹ˆ
&8904; â‹ˆ
&x22c8; â‹ˆ
&boxDL; â•—
&9559; â•—
&x2557; â•—
&boxDR; â•”
&9556; â•”
&x2554; â•”
&boxDl; â•–
&9558; â•–
&x2556; â•–
&boxDr; â•“
&9555; â•“
&x2553; â•“
&boxH; â•
&9552; â•
&x2550; â•
&boxHD; â•¦
&9574; â•¦
&x2566; â•¦
&boxHU; â•©
&9577; â•©
&x2569; â•©
&boxHd; â•¤
&9572; â•¤
&x2564; â•¤
&boxHu; â•§
&9575; â•§
&x2567; â•§
&boxUL; â•
&9565; â•
&x255d; â•
&boxUR; â•š
&9562; â•š
&x255a; â•š
&boxUl; â•œ
&9564; â•œ
&x255c; â•œ
&boxUr; â•™
&9561; â•™
&x2559; â•™
&boxV; â•‘
&9553; â•‘
&x2551; â•‘
&boxVH; â•¬
&9580; â•¬
&x256c; â•¬
&boxVL; â•£
&9571; â•£
&x2563; â•£
&boxVR; â• 
&9568; â• 
&x2560; â• 
&boxVh; â•«
&9579; â•«
&x256b; â•«
&boxVl; â•¢
&9570; â•¢
&x2562; â•¢
&boxVr; â•Ÿ
&9567; â•Ÿ
&x255f; â•Ÿ
&boxbox; â§‰
&10697; â§‰
&x29c9; â§‰
&boxdL; â••
&9557; â••
&x2555; â••
&boxdR; â•’
&9554; â•’
&x2552; â•’
&boxdl; â”
&9488; â”
&x2510; â”
&boxdr; â”Œ
&9484; â”Œ
&x250c; â”Œ
&boxh; â”€
&9472; â”€
&x2500; â”€
&boxhD; â•¥
&9573; â•¥
&x2565; â•¥
&boxhU; â•¨
&9576; â•¨
&x2568; â•¨
&boxhd; â”¬
&9516; â”¬
&x252c; â”¬
&boxhu; â”´
&9524; â”´
&x2534; â”´
&boxminus; âŠŸ
&8863; âŠŸ
&x229f; âŠŸ
&boxplus; âŠ
&8862; âŠ
&x229e; âŠ
&boxtimes; âŠ 
&8864; âŠ 
&x22a0; âŠ 
&boxuL; â•›
&9563; â•›
&x255b; â•›
&boxuR; â•˜
&9560; â•˜
&x2558; â•˜
&boxul; â”˜
&9496; â”˜
&x2518; â”˜
&boxur; â””
&9492; â””
&x2514; â””
&boxv; â”‚
&9474; â”‚
&x2502; â”‚
&boxvH; â•ª
&9578; â•ª
&x256a; â•ª
&boxvL; â•¡
&9569; â•¡
&x2561; â•¡
&boxvR; â•
&9566; â•
&x255e; â•
&boxvh; â”¼
&9532; â”¼
&x253c; â”¼
&boxvl; â”¤
&9508; â”¤
&x2524; â”¤
&boxvr; â”œ
&9500; â”œ
&x251c; â”œ
&bprime; â€µ
&8245; â€µ
&x2035; â€µ
&breve; Ë˜
&728; Ë˜
&x02d8; Ë˜
&brvbar; Â¦
&166; Â¦
&xa6; Â¦
&x00a6; Â¦
&bscr; ğ’·
&119991; ğ’·
&x1d4b7; ğ’·
&bsemi; â
&8271; â
&x204f; â
&bsim; âˆ½
&8765; âˆ½
&x223d; âˆ½
&bsime; â‹
&8909; â‹
&x22cd; â‹
&bsol; \
&92; \
&x5c; \
&x005c; \
&bsolb; â§…
&10693; â§…
&x29c5; â§…
&bsolhsub; âŸˆ
&10184; âŸˆ
&x27c8; âŸˆ
&bull; â€¢
&8226; â€¢
&x2022; â€¢
&bullet; â€¢
&8226; â€¢
&x2022; â€¢
&bump; â‰
&8782; â‰
&x224e; â‰
&bumpE; âª®
&10926; âª®
&x2aae; âª®
&bumpe; â‰
&8783; â‰
&x224f; â‰
&bumpeq; â‰
&8783; â‰
&x224f; â‰
&cacute; Ä‡
&263; Ä‡
&x0107; Ä‡
&cap; âˆ©
&8745; âˆ©
&x2229; âˆ©
&capand; â©„
&10820; â©„
&x2a44; â©„
&capbrcup; â©‰
&10825; â©‰
&x2a49; â©‰
&capcap; â©‹
&10827; â©‹
&x2a4b; â©‹
&capcup; â©‡
&10823; â©‡
&x2a47; â©‡
&capdot; â©€
&10816; â©€
&x2a40; â©€
&caps; âˆ©ï¸€
&8745; âˆ©ï¸€
&x2229; âˆ©ï¸€
&65024; âˆ©ï¸€
&xfe00; âˆ©ï¸€
&caret; â
&8257; â
&x2041; â
&caron; Ë‡
&711; Ë‡
&x02c7; Ë‡
&ccaps; â©
&10829; â©
&x2a4d; â©
&ccaron; Ä
&269; Ä
&x010d; Ä
&ccedil; Ã§
&231; Ã§
&xe7; Ã§
&x00e7; Ã§
&ccirc; Ä‰
&265; Ä‰
&x0109; Ä‰
&ccups; â©Œ
&10828; â©Œ
&x2a4c; â©Œ
&ccupssm; â©
&10832; â©
&x2a50; â©
&cdot; Ä‹
&267; Ä‹
&x010b; Ä‹
&cedil; Â¸
&184; Â¸
&xb8; Â¸
&x00b8; Â¸
&cemptyv; â¦²
&10674; â¦²
&x29b2; â¦²
&cent; Â¢
&162; Â¢
&xa2; Â¢
&x00a2; Â¢
&centerdot; Â·
&183; Â·
&xb7; Â·
&x00b7; Â·
&cfr; ğ” 
&120096; ğ” 
&x1d520; ğ” 
&chcy; Ñ‡
&1095; Ñ‡
&x0447; Ñ‡
&check; âœ“
&10003; âœ“
&x2713; âœ“
&checkmark; âœ“
&10003; âœ“
&x2713; âœ“
&chi; Ï‡
&967; Ï‡
&x03c7; Ï‡
&cir; â—‹
&9675; â—‹
&x25cb; â—‹
&cirE; â§ƒ
&10691; â§ƒ
&x29c3; â§ƒ
&circ; Ë†
&710; Ë†
&x02c6; Ë†
&circeq; â‰—
&8791; â‰—
&x2257; â‰—
&circlearrowleft; â†º
&8634; â†º
&x21ba; â†º
&circlearrowright; â†»
&8635; â†»
&x21bb; â†»
&circledR; Â®
&174; Â®
&xae; Â®
&x00ae; Â®
&circledS; â“ˆ
&9416; â“ˆ
&x24c8; â“ˆ
&circledast; âŠ›
&8859; âŠ›
&x229b; âŠ›
&circledcirc; âŠš
&8858; âŠš
&x229a; âŠš
&circleddash; âŠ
&8861; âŠ
&x229d; âŠ
&cire; â‰—
&8791; â‰—
&x2257; â‰—
&cirfnint; â¨
&10768; â¨
&x2a10; â¨
&cirmid; â«¯
&10991; â«¯
&x2aef; â«¯
&cirscir; â§‚
&10690; â§‚
&x29c2; â§‚
&clubs; â™£
&9827; â™£
&x2663; â™£
&clubsuit; â™£
&9827; â™£
&x2663; â™£
&colon; :
&58; :
&x3a; :
&x003a; :
&colone; â‰”
&8788; â‰”
&x2254; â‰”
&coloneq; â‰”
&8788; â‰”
&x2254; â‰”
&comma; ,
&44; ,
&x2c; ,
&x002c; ,
&commat; @
&64; @
&x40; @
&x0040; @
&comp; âˆ
&8705; âˆ
&x2201; âˆ
&compfn; âˆ˜
&8728; âˆ˜
&x2218; âˆ˜
&complement; âˆ
&8705; âˆ
&x2201; âˆ
&complexes; â„‚
&8450; â„‚
&x2102; â„‚
&cong; â‰…
&8773; â‰…
&x2245; â‰…
&congdot; â©­
&10861; â©­
&x2a6d; â©­
&conint; âˆ®
&8750; âˆ®
&x222e; âˆ®
&copf; ğ•”
&120148; ğ•”
&x1d554; ğ•”
&coprod; âˆ
&8720; âˆ
&x2210; âˆ
&copy; Â©
&169; Â©
&xa9; Â©
&x00a9; Â©
&copysr; â„—
&8471; â„—
&x2117; â„—
&crarr; â†µ
&8629; â†µ
&x21b5; â†µ
&cross; âœ—
&10007; âœ—
&x2717; âœ—
&cscr; ğ’¸
&119992; ğ’¸
&x1d4b8; ğ’¸
&csub; â«
&10959; â«
&x2acf; â«
&csube; â«‘
&10961; â«‘
&x2ad1; â«‘
&csup; â«
&10960; â«
&x2ad0; â«
&csupe; â«’
&10962; â«’
&x2ad2; â«’
&ctdot; â‹¯
&8943; â‹¯
&x22ef; â‹¯
&cudarrl; â¤¸
&10552; â¤¸
&x2938; â¤¸
&cudarrr; â¤µ
&10549; â¤µ
&x2935; â¤µ
&cuepr; â‹
&8926; â‹
&x22de; â‹
&cuesc; â‹Ÿ
&8927; â‹Ÿ
&x22df; â‹Ÿ
&cularr; â†¶
&8630; â†¶
&x21b6; â†¶
&cularrp; â¤½
&10557; â¤½
&x293d; â¤½
&cup; âˆª
&8746; âˆª
&x222a; âˆª
&cupbrcap; â©ˆ
&10824; â©ˆ
&x2a48; â©ˆ
&cupcap; â©†
&10822; â©†
&x2a46; â©†
&cupcup; â©Š
&10826; â©Š
&x2a4a; â©Š
&cupdot; âŠ
&8845; âŠ
&x228d; âŠ
&cupor; â©…
&10821; â©…
&x2a45; â©…
&cups; âˆªï¸€
&8746; âˆªï¸€
&x222a; âˆªï¸€
&65024; âˆªï¸€
&xfe00; âˆªï¸€
&curarr; â†·
&8631; â†·
&x21b7; â†·
&curarrm; â¤¼
&10556; â¤¼
&x293c; â¤¼
&curlyeqprec; â‹
&8926; â‹
&x22de; â‹
&curlyeqsucc; â‹Ÿ
&8927; â‹Ÿ
&x22df; â‹Ÿ
&curlyvee; â‹
&8910; â‹
&x22ce; â‹
&curlywedge; â‹
&8911; â‹
&x22cf; â‹
&curren; Â¤
&164; Â¤
&xa4; Â¤
&x00a4; Â¤
&curvearrowleft; â†¶
&8630; â†¶
&x21b6; â†¶
&curvearrowright; â†·
&8631; â†·
&x21b7; â†·
&cuvee; â‹
&8910; â‹
&x22ce; â‹
&cuwed; â‹
&8911; â‹
&x22cf; â‹
&cwconint; âˆ²
&8754; âˆ²
&x2232; âˆ²
&cwint; âˆ±
&8753; âˆ±
&x2231; âˆ±
&cylcty; âŒ­
&9005; âŒ­
&x232d; âŒ­
&dArr; â‡“
&8659; â‡“
&x21d3; â‡“
&dHar; â¥¥
&10597; â¥¥
&x2965; â¥¥
&dagger; â€ 
&8224; â€ 
&x2020; â€ 
&daleth; â„¸
&8504; â„¸
&x2138; â„¸
&darr; â†“
&8595; â†“
&x2193; â†“
&dash; â€
&8208; â€
&x2010; â€
&dashv; âŠ£
&8867; âŠ£
&x22a3; âŠ£
&dbkarow; â¤
&10511; â¤
&x290f; â¤
&dblac; Ë
&733; Ë
&x02dd; Ë
&dcaron; Ä
&271; Ä
&x010f; Ä
&dcy; Ğ´
&1076; Ğ´
&x0434; Ğ´
&dd; â…†
&8518; â…†
&x2146; â…†
&ddagger; â€¡
&8225; â€¡
&x2021; â€¡
&ddarr; â‡Š
&8650; â‡Š
&x21ca; â‡Š
&ddotseq; â©·
&10871; â©·
&x2a77; â©·
&deg; Â°
&176; Â°
&xb0; Â°
&x00b0; Â°
&delta; Î´
&948; Î´
&x03b4; Î´
&demptyv; â¦±
&10673; â¦±
&x29b1; â¦±
&dfisht; â¥¿
&10623; â¥¿
&x297f; â¥¿
&dfr; ğ”¡
&120097; ğ”¡
&x1d521; ğ”¡
&dharl; â‡ƒ
&8643; â‡ƒ
&x21c3; â‡ƒ
&dharr; â‡‚
&8642; â‡‚
&x21c2; â‡‚
&diam; â‹„
&8900; â‹„
&x22c4; â‹„
&diamond; â‹„
&8900; â‹„
&x22c4; â‹„
&diamondsuit; â™¦
&9830; â™¦
&x2666; â™¦
&diams; â™¦
&9830; â™¦
&x2666; â™¦
&die; Â¨
&168; Â¨
&xa8; Â¨
&x00a8; Â¨
&digamma; Ï
&989; Ï
&x03dd; Ï
&disin; â‹²
&8946; â‹²
&x22f2; â‹²
&div; Ã·
&247; Ã·
&xf7; Ã·
&x00f7; Ã·
&divide; Ã·
&247; Ã·
&xf7; Ã·
&x00f7; Ã·
&divideontimes; â‹‡
&8903; â‹‡
&x22c7; â‹‡
&divonx; â‹‡
&8903; â‹‡
&x22c7; â‹‡
&djcy; Ñ’
&1106; Ñ’
&x0452; Ñ’
&dlcorn; âŒ
&8990; âŒ
&x231e; âŒ
&dlcrop; âŒ
&8973; âŒ
&x230d; âŒ
&dollar; $
&36; $
&x24; $
&x0024; $
&dopf; ğ••
&120149; ğ••
&x1d555; ğ••
&dot; Ë™
&729; Ë™
&x02d9; Ë™
&doteq; â‰
&8784; â‰
&x2250; â‰
&doteqdot; â‰‘
&8785; â‰‘
&x2251; â‰‘
&dotminus; âˆ¸
&8760; âˆ¸
&x2238; âˆ¸
&dotplus; âˆ”
&8724; âˆ”
&x2214; âˆ”
&dotsquare; âŠ¡
&8865; âŠ¡
&x22a1; âŠ¡
&doublebarwedge; âŒ†
&8966; âŒ†
&x2306; âŒ†
&downarrow; â†“
&8595; â†“
&x2193; â†“
&downdownarrows; â‡Š
&8650; â‡Š
&x21ca; â‡Š
&downharpoonleft; â‡ƒ
&8643; â‡ƒ
&x21c3; â‡ƒ
&downharpoonright; â‡‚
&8642; â‡‚
&x21c2; â‡‚
&drbkarow; â¤
&10512; â¤
&x2910; â¤
&drcorn; âŒŸ
&8991; âŒŸ
&x231f; âŒŸ
&drcrop; âŒŒ
&8972; âŒŒ
&x230c; âŒŒ
&dscr; ğ’¹
&119993; ğ’¹
&x1d4b9; ğ’¹
&dscy; Ñ•
&1109; Ñ•
&x0455; Ñ•
&dsol; â§¶
&10742; â§¶
&x29f6; â§¶
&dstrok; Ä‘
&273; Ä‘
&x0111; Ä‘
&dtdot; â‹±
&8945; â‹±
&x22f1; â‹±
&dtri; â–¿
&9663; â–¿
&x25bf; â–¿
&dtrif; â–¾
&9662; â–¾
&x25be; â–¾
&duarr; â‡µ
&8693; â‡µ
&x21f5; â‡µ
&duhar; â¥¯
&10607; â¥¯
&x296f; â¥¯
&dwangle; â¦¦
&10662; â¦¦
&x29a6; â¦¦
&dzcy; ÑŸ
&1119; ÑŸ
&x045f; ÑŸ
&dzigrarr; âŸ¿
&10239; âŸ¿
&x27ff; âŸ¿
&eDDot; â©·
&10871; â©·
&x2a77; â©·
&eDot; â‰‘
&8785; â‰‘
&x2251; â‰‘
&eacute; Ã©
&233; Ã©
&xe9; Ã©
&x00e9; Ã©
&easter; â©®
&10862; â©®
&x2a6e; â©®
&ecaron; Ä›
&283; Ä›
&x011b; Ä›
&ecir; â‰–
&8790; â‰–
&x2256; â‰–
&ecirc; Ãª
&234; Ãª
&xea; Ãª
&x00ea; Ãª
&ecolon; â‰•
&8789; â‰•
&x2255; â‰•
&ecy; Ñ
&1101; Ñ
&x044d; Ñ
&edot; Ä—
&279; Ä—
&x0117; Ä—
&ee; â…‡
&8519; â…‡
&x2147; â…‡
&efDot; â‰’
&8786; â‰’
&x2252; â‰’
&efr; ğ”¢
&120098; ğ”¢
&x1d522; ğ”¢
&eg; âªš
&10906; âªš
&x2a9a; âªš
&egrave; Ã¨
&232; Ã¨
&xe8; Ã¨
&x00e8; Ã¨
&egs; âª–
&10902; âª–
&x2a96; âª–
&egsdot; âª˜
&10904; âª˜
&x2a98; âª˜
&el; âª™
&10905; âª™
&x2a99; âª™
&elinters; â§
&9191; â§
&x23e7; â§
&ell; â„“
&8467; â„“
&x2113; â„“
&els; âª•
&10901; âª•
&x2a95; âª•
&elsdot; âª—
&10903; âª—
&x2a97; âª—
&emacr; Ä“
&275; Ä“
&x0113; Ä“
&empty; âˆ…
&8709; âˆ…
&x2205; âˆ…
&emptyset; âˆ…
&8709; âˆ…
&x2205; âˆ…
&emptyv; âˆ…
&8709; âˆ…
&x2205; âˆ…
&emsp13; â€„
&8196; â€„
&x2004; â€„
&emsp14; â€…
&8197; â€…
&x2005; â€…
&emsp; â€ƒ
&8195; â€ƒ
&x2003; â€ƒ
&eng; Å‹
&331; Å‹
&x014b; Å‹
&ensp; â€‚
&8194; â€‚
&x2002; â€‚
&eogon; Ä™
&281; Ä™
&x0119; Ä™
&eopf; ğ•–
&120150; ğ•–
&x1d556; ğ•–
&epar; â‹•
&8917; â‹•
&x22d5; â‹•
&eparsl; â§£
&10723; â§£
&x29e3; â§£
&eplus; â©±
&10865; â©±
&x2a71; â©±
&epsi; Îµ
&949; Îµ
&x03b5; Îµ
&epsilon; Îµ
&949; Îµ
&x03b5; Îµ
&epsiv; Ïµ
&1013; Ïµ
&x03f5; Ïµ
&eqcirc; â‰–
&8790; â‰–
&x2256; â‰–
&eqcolon; â‰•
&8789; â‰•
&x2255; â‰•
&eqsim; â‰‚
&8770; â‰‚
&x2242; â‰‚
&eqslantgtr; âª–
&10902; âª–
&x2a96; âª–
&eqslantless; âª•
&10901; âª•
&x2a95; âª•
&equals; =
&61; =
&x3d; =
&x003d; =
&equest; â‰Ÿ
&8799; â‰Ÿ
&x225f; â‰Ÿ
&equiv; â‰¡
&8801; â‰¡
&x2261; â‰¡
&equivDD; â©¸
&10872; â©¸
&x2a78; â©¸
&eqvparsl; â§¥
&10725; â§¥
&x29e5; â§¥
&erDot; â‰“
&8787; â‰“
&x2253; â‰“
&erarr; â¥±
&10609; â¥±
&x2971; â¥±
&escr; â„¯
&8495; â„¯
&x212f; â„¯
&esdot; â‰
&8784; â‰
&x2250; â‰
&esim; â‰‚
&8770; â‰‚
&x2242; â‰‚
&eta; Î·
&951; Î·
&x03b7; Î·
&eth; Ã°
&240; Ã°
&xf0; Ã°
&x00f0; Ã°
&euml; Ã«
&235; Ã«
&xeb; Ã«
&x00eb; Ã«
&euro; â‚¬
&8364; â‚¬
&x20ac; â‚¬
&excl; !
&33; !
&x21; !
&x0021; !
&exist; âˆƒ
&8707; âˆƒ
&x2203; âˆƒ
&expectation; â„°
&8496; â„°
&x2130; â„°
&exponentiale; â…‡
&8519; â…‡
&x2147; â…‡
&fallingdotseq; â‰’
&8786; â‰’
&x2252; â‰’
&fcy; Ñ„
&1092; Ñ„
&x0444; Ñ„
&female; â™€
&9792; â™€
&x2640; â™€
&ffilig; ï¬ƒ
&64259; ï¬ƒ
&xfb03; ï¬ƒ
&fflig; ï¬€
&64256; ï¬€
&xfb00; ï¬€
&ffllig; ï¬„
&64260; ï¬„
&xfb04; ï¬„
&ffr; ğ”£
&120099; ğ”£
&x1d523; ğ”£
&filig; ï¬
&64257; ï¬
&xfb01; ï¬
&fjlig; fj
&102; fj
&x66; fj
&x0066; fj
&106; fj
&x6a; fj
&x006a; fj
&flat; â™­
&9837; â™­
&x266d; â™­
&fllig; ï¬‚
&64258; ï¬‚
&xfb02; ï¬‚
&fltns; â–±
&9649; â–±
&x25b1; â–±
&fnof; Æ’
&402; Æ’
&x0192; Æ’
&fopf; ğ•—
&120151; ğ•—
&x1d557; ğ•—
&forall; âˆ€
&8704; âˆ€
&x2200; âˆ€
&fork; â‹”
&8916; â‹”
&x22d4; â‹”
&forkv; â«™
&10969; â«™
&x2ad9; â«™
&fpartint; â¨
&10765; â¨
&x2a0d; â¨
&frac12; Â½
&189; Â½
&xbd; Â½
&x00bd; Â½
&frac13; â…“
&8531; â…“
&x2153; â…“
&frac14; Â¼
&188; Â¼
&xbc; Â¼
&x00bc; Â¼
&frac15; â…•
&8533; â…•
&x2155; â…•
&frac16; â…™
&8537; â…™
&x2159; â…™
&frac18; â…›
&8539; â…›
&x215b; â…›
&frac23; â…”
&8532; â…”
&x2154; â…”
&frac25; â…–
&8534; â…–
&x2156; â…–
&frac34; Â¾
&190; Â¾
&xbe; Â¾
&x00be; Â¾
&frac35; â…—
&8535; â…—
&x2157; â…—
&frac38; â…œ
&8540; â…œ
&x215c; â…œ
&frac45; â…˜
&8536; â…˜
&x2158; â…˜
&frac56; â…š
&8538; â…š
&x215a; â…š
&frac58; â…
&8541; â…
&x215d; â…
&frac78; â…
&8542; â…
&x215e; â…
&frasl; â„
&8260; â„
&x2044; â„
&frown; âŒ¢
&8994; âŒ¢
&x2322; âŒ¢
&fscr; ğ’»
&119995; ğ’»
&x1d4bb; ğ’»
&gE; â‰§
&8807; â‰§
&x2267; â‰§
&gEl; âªŒ
&10892; âªŒ
&x2a8c; âªŒ
&gacute; Çµ
&501; Çµ
&x01f5; Çµ
&gamma; Î³
&947; Î³
&x03b3; Î³
&gammad; Ï
&989; Ï
&x03dd; Ï
&gap; âª†
&10886; âª†
&x2a86; âª†
&gbreve; ÄŸ
&287; ÄŸ
&x011f; ÄŸ
&gcirc; Ä
&285; Ä
&x011d; Ä
&gcy; Ğ³
&1075; Ğ³
&x0433; Ğ³
&gdot; Ä¡
&289; Ä¡
&x0121; Ä¡
&ge; â‰¥
&8805; â‰¥
&x2265; â‰¥
&gel; â‹›
&8923; â‹›
&x22db; â‹›
&geq; â‰¥
&8805; â‰¥
&x2265; â‰¥
&geqq; â‰§
&8807; â‰§
&x2267; â‰§
&geqslant; â©¾
&10878; â©¾
&x2a7e; â©¾
&ges; â©¾
&10878; â©¾
&x2a7e; â©¾
&gescc; âª©
&10921; âª©
&x2aa9; âª©
&gesdot; âª€
&10880; âª€
&x2a80; âª€
&gesdoto; âª‚
&10882; âª‚
&x2a82; âª‚
&gesdotol; âª„
&10884; âª„
&x2a84; âª„
&gesl; â‹›ï¸€
&8923; â‹›ï¸€
&x22db; â‹›ï¸€
&65024; â‹›ï¸€
&xfe00; â‹›ï¸€
&gesles; âª”
&10900; âª”
&x2a94; âª”
&gfr; ğ”¤
&120100; ğ”¤
&x1d524; ğ”¤
&gg; â‰«
&8811; â‰«
&x226b; â‰«
&ggg; â‹™
&8921; â‹™
&x22d9; â‹™
&gimel; â„·
&8503; â„·
&x2137; â„·
&gjcy; Ñ“
&1107; Ñ“
&x0453; Ñ“
&gl; â‰·
&8823; â‰·
&x2277; â‰·
&glE; âª’
&10898; âª’
&x2a92; âª’
&gla; âª¥
&10917; âª¥
&x2aa5; âª¥
&glj; âª¤
&10916; âª¤
&x2aa4; âª¤
&gnE; â‰©
&8809; â‰©
&x2269; â‰©
&gnap; âªŠ
&10890; âªŠ
&x2a8a; âªŠ
&gnapprox; âªŠ
&10890; âªŠ
&x2a8a; âªŠ
&gne; âªˆ
&10888; âªˆ
&x2a88; âªˆ
&gneq; âªˆ
&10888; âªˆ
&x2a88; âªˆ
&gneqq; â‰©
&8809; â‰©
&x2269; â‰©
&gnsim; â‹§
&8935; â‹§
&x22e7; â‹§
&gopf; ğ•˜
&120152; ğ•˜
&x1d558; ğ•˜
&grave; `
&96; `
&x60; `
&x0060; `
&gscr; â„Š
&8458; â„Š
&x210a; â„Š
&gsim; â‰³
&8819; â‰³
&x2273; â‰³
&gsime; âª
&10894; âª
&x2a8e; âª
&gsiml; âª
&10896; âª
&x2a90; âª
&gt; >
&62; >
&x3e; >
&x003e; >
&gtcc; âª§
&10919; âª§
&x2aa7; âª§
&gtcir; â©º
&10874; â©º
&x2a7a; â©º
&gtdot; â‹—
&8919; â‹—
&x22d7; â‹—
&gtlPar; â¦•
&10645; â¦•
&x2995; â¦•
&gtquest; â©¼
&10876; â©¼
&x2a7c; â©¼
&gtrapprox; âª†
&10886; âª†
&x2a86; âª†
&gtrarr; â¥¸
&10616; â¥¸
&x2978; â¥¸
&gtrdot; â‹—
&8919; â‹—
&x22d7; â‹—
&gtreqless; â‹›
&8923; â‹›
&x22db; â‹›
&gtreqqless; âªŒ
&10892; âªŒ
&x2a8c; âªŒ
&gtrless; â‰·
&8823; â‰·
&x2277; â‰·
&gtrsim; â‰³
&8819; â‰³
&x2273; â‰³
&gvertneqq; â‰©ï¸€
&8809; â‰©ï¸€
&x2269; â‰©ï¸€
&65024; â‰©ï¸€
&xfe00; â‰©ï¸€
&gvnE; â‰©ï¸€
&8809; â‰©ï¸€
&x2269; â‰©ï¸€
&65024; â‰©ï¸€
&xfe00; â‰©ï¸€
&hArr; â‡”
&8660; â‡”
&x21d4; â‡”
&hairsp; â€Š
&8202; â€Š
&x200a; â€Š
&half; Â½
&189; Â½
&xbd; Â½
&x00bd; Â½
&hamilt; â„‹
&8459; â„‹
&x210b; â„‹
&hardcy; ÑŠ
&1098; ÑŠ
&x044a; ÑŠ
&harr; â†”
&8596; â†”
&x2194; â†”
&harrcir; â¥ˆ
&10568; â¥ˆ
&x2948; â¥ˆ
&harrw; â†­
&8621; â†­
&x21ad; â†­
&hbar; â„
&8463; â„
&x210f; â„
&hcirc; Ä¥
&293; Ä¥
&x0125; Ä¥
&hearts; â™¥
&9829; â™¥
&x2665; â™¥
&heartsuit; â™¥
&9829; â™¥
&x2665; â™¥
&hellip; â€¦
&8230; â€¦
&x2026; â€¦
&hercon; âŠ¹
&8889; âŠ¹
&x22b9; âŠ¹
&hfr; ğ”¥
&120101; ğ”¥
&x1d525; ğ”¥
&hksearow; â¤¥
&10533; â¤¥
&x2925; â¤¥
&hkswarow; â¤¦
&10534; â¤¦
&x2926; â¤¦
&hoarr; â‡¿
&8703; â‡¿
&x21ff; â‡¿
&homtht; âˆ»
&8763; âˆ»
&x223b; âˆ»
&hookleftarrow; â†©
&8617; â†©
&x21a9; â†©
&hookrightarrow; â†ª
&8618; â†ª
&x21aa; â†ª
&hopf; ğ•™
&120153; ğ•™
&x1d559; ğ•™
&horbar; â€•
&8213; â€•
&x2015; â€•
&hscr; ğ’½
&119997; ğ’½
&x1d4bd; ğ’½
&hslash; â„
&8463; â„
&x210f; â„
&hstrok; Ä§
&295; Ä§
&x0127; Ä§
&hybull; âƒ
&8259; âƒ
&x2043; âƒ
&hyphen; â€
&8208; â€
&x2010; â€
&iacute; Ã­
&237; Ã­
&xed; Ã­
&x00ed; Ã­
&ic; â£
&8291; â£
&x2063; â£
&icirc; Ã®
&238; Ã®
&xee; Ã®
&x00ee; Ã®
&icy; Ğ¸
&1080; Ğ¸
&x0438; Ğ¸
&iecy; Ğµ
&1077; Ğµ
&x0435; Ğµ
&iexcl; Â¡
&161; Â¡
&xa1; Â¡
&x00a1; Â¡
&iff; â‡”
&8660; â‡”
&x21d4; â‡”
&ifr; ğ”¦
&120102; ğ”¦
&x1d526; ğ”¦
&igrave; Ã¬
&236; Ã¬
&xec; Ã¬
&x00ec; Ã¬
&ii; â…ˆ
&8520; â…ˆ
&x2148; â…ˆ
&iiiint; â¨Œ
&10764; â¨Œ
&x2a0c; â¨Œ
&iiint; âˆ­
&8749; âˆ­
&x222d; âˆ­
&iinfin; â§œ
&10716; â§œ
&x29dc; â§œ
&iiota; â„©
&8489; â„©
&x2129; â„©
&ijlig; Ä³
&307; Ä³
&x0133; Ä³
&imacr; Ä«
&299; Ä«
&x012b; Ä«
&image; â„‘
&8465; â„‘
&x2111; â„‘
&imagline; â„
&8464; â„
&x2110; â„
&imagpart; â„‘
&8465; â„‘
&x2111; â„‘
&imath; Ä±
&305; Ä±
&x0131; Ä±
&imof; âŠ·
&8887; âŠ·
&x22b7; âŠ·
&imped; Æµ
&437; Æµ
&x01b5; Æµ
&in; âˆˆ
&8712; âˆˆ
&x2208; âˆˆ
&incare; â„…
&8453; â„…
&x2105; â„…
&infin; âˆ
&8734; âˆ
&x221e; âˆ
&infintie; â§
&10717; â§
&x29dd; â§
&inodot; Ä±
&305; Ä±
&x0131; Ä±
&int; âˆ«
&8747; âˆ«
&x222b; âˆ«
&intcal; âŠº
&8890; âŠº
&x22ba; âŠº
&integers; â„¤
&8484; â„¤
&x2124; â„¤
&intercal; âŠº
&8890; âŠº
&x22ba; âŠº
&intlarhk; â¨—
&10775; â¨—
&x2a17; â¨—
&intprod; â¨¼
&10812; â¨¼
&x2a3c; â¨¼
&iocy; Ñ‘
&1105; Ñ‘
&x0451; Ñ‘
&iogon; Ä¯
&303; Ä¯
&x012f; Ä¯
&iopf; ğ•š
&120154; ğ•š
&x1d55a; ğ•š
&iota; Î¹
&953; Î¹
&x03b9; Î¹
&iprod; â¨¼
&10812; â¨¼
&x2a3c; â¨¼
&iquest; Â¿
&191; Â¿
&xbf; Â¿
&x00bf; Â¿
&iscr; ğ’¾
&119998; ğ’¾
&x1d4be; ğ’¾
&isin; âˆˆ
&8712; âˆˆ
&x2208; âˆˆ
&isinE; â‹¹
&8953; â‹¹
&x22f9; â‹¹
&isindot; â‹µ
&8949; â‹µ
&x22f5; â‹µ
&isins; â‹´
&8948; â‹´
&x22f4; â‹´
&isinsv; â‹³
&8947; â‹³
&x22f3; â‹³
&isinv; âˆˆ
&8712; âˆˆ
&x2208; âˆˆ
&it; â¢
&8290; â¢
&x2062; â¢
&itilde; Ä©
&297; Ä©
&x0129; Ä©
&iukcy; Ñ–
&1110; Ñ–
&x0456; Ñ–
&iuml; Ã¯
&239; Ã¯
&xef; Ã¯
&x00ef; Ã¯
&jcirc; Äµ
&309; Äµ
&x0135; Äµ
&jcy; Ğ¹
&1081; Ğ¹
&x0439; Ğ¹
&jfr; ğ”§
&120103; ğ”§
&x1d527; ğ”§
&jmath; È·
&567; È·
&x0237; È·
&jopf; ğ•›
&120155; ğ•›
&x1d55b; ğ•›
&jscr; ğ’¿
&119999; ğ’¿
&x1d4bf; ğ’¿
&jsercy; Ñ˜
&1112; Ñ˜
&x0458; Ñ˜
&jukcy; Ñ”
&1108; Ñ”
&x0454; Ñ”
&kappa; Îº
&954; Îº
&x03ba; Îº
&kappav; Ï°
&1008; Ï°
&x03f0; Ï°
&kcedil; Ä·
&311; Ä·
&x0137; Ä·
&kcy; Ğº
&1082; Ğº
&x043a; Ğº
&kfr; ğ”¨
&120104; ğ”¨
&x1d528; ğ”¨
&kgreen; Ä¸
&312; Ä¸
&x0138; Ä¸
&khcy; Ñ…
&1093; Ñ…
&x0445; Ñ…
&kjcy; Ñœ
&1116; Ñœ
&x045c; Ñœ
&kopf; ğ•œ
&120156; ğ•œ
&x1d55c; ğ•œ
&kscr; ğ“€
&120000; ğ“€
&x1d4c0; ğ“€
&lAarr; â‡š
&8666; â‡š
&x21da; â‡š
&lArr; â‡
&8656; â‡
&x21d0; â‡
&lAtail; â¤›
&10523; â¤›
&x291b; â¤›
&lBarr; â¤
&10510; â¤
&x290e; â¤
&lE; â‰¦
&8806; â‰¦
&x2266; â‰¦
&lEg; âª‹
&10891; âª‹
&x2a8b; âª‹
&lHar; â¥¢
&10594; â¥¢
&x2962; â¥¢
&lacute; Äº
&314; Äº
&x013a; Äº
&laemptyv; â¦´
&10676; â¦´
&x29b4; â¦´
&lagran; â„’
&8466; â„’
&x2112; â„’
&lambda; Î»
&955; Î»
&x03bb; Î»
&lang; âŸ¨
&10216; âŸ¨
&x27e8; âŸ¨
&langd; â¦‘
&10641; â¦‘
&x2991; â¦‘
&langle; âŸ¨
&10216; âŸ¨
&x27e8; âŸ¨
&lap; âª…
&10885; âª…
&x2a85; âª…
&laquo; Â«
&171; Â«
&xab; Â«
&x00ab; Â«
&larr; â†
&8592; â†
&x2190; â†
&larrb; â‡¤
&8676; â‡¤
&x21e4; â‡¤
&larrbfs; â¤Ÿ
&10527; â¤Ÿ
&x291f; â¤Ÿ
&larrfs; â¤
&10525; â¤
&x291d; â¤
&larrhk; â†©
&8617; â†©
&x21a9; â†©
&larrlp; â†«
&8619; â†«
&x21ab; â†«
&larrpl; â¤¹
&10553; â¤¹
&x2939; â¤¹
&larrsim; â¥³
&10611; â¥³
&x2973; â¥³
&larrtl; â†¢
&8610; â†¢
&x21a2; â†¢
&lat; âª«
&10923; âª«
&x2aab; âª«
&latail; â¤™
&10521; â¤™
&x2919; â¤™
&late; âª­
&10925; âª­
&x2aad; âª­
&lates; âª­ï¸€
&10925; âª­ï¸€
&x2aad; âª­ï¸€
&65024; âª­ï¸€
&xfe00; âª­ï¸€
&lbarr; â¤Œ
&10508; â¤Œ
&x290c; â¤Œ
&lbbrk; â²
&10098; â²
&x2772; â²
&lbrace; {
&123; {
&x7b; {
&x007b; {
&lbrack; [
&91; [
&x5b; [
&x005b; [
&lbrke; â¦‹
&10635; â¦‹
&x298b; â¦‹
&lbrksld; â¦
&10639; â¦
&x298f; â¦
&lbrkslu; â¦
&10637; â¦
&x298d; â¦
&lcaron; Ä¾
&318; Ä¾
&x013e; Ä¾
&lcedil; Ä¼
&316; Ä¼
&x013c; Ä¼
&lceil; âŒˆ
&8968; âŒˆ
&x2308; âŒˆ
&lcub; {
&123; {
&x7b; {
&x007b; {
&lcy; Ğ»
&1083; Ğ»
&x043b; Ğ»
&ldca; â¤¶
&10550; â¤¶
&x2936; â¤¶
&ldquo; â€œ
&8220; â€œ
&x201c; â€œ
&ldquor; â€
&8222; â€
&x201e; â€
&ldrdhar; â¥§
&10599; â¥§
&x2967; â¥§
&ldrushar; â¥‹
&10571; â¥‹
&x294b; â¥‹
&ldsh; â†²
&8626; â†²
&x21b2; â†²
&le; â‰¤
&8804; â‰¤
&x2264; â‰¤
&leftarrow; â†
&8592; â†
&x2190; â†
&leftarrowtail; â†¢
&8610; â†¢
&x21a2; â†¢
&leftharpoondown; â†½
&8637; â†½
&x21bd; â†½
&leftharpoonup; â†¼
&8636; â†¼
&x21bc; â†¼
&leftleftarrows; â‡‡
&8647; â‡‡
&x21c7; â‡‡
&leftrightarrow; â†”
&8596; â†”
&x2194; â†”
&leftrightarrows; â‡†
&8646; â‡†
&x21c6; â‡†
&leftrightharpoons; â‡‹
&8651; â‡‹
&x21cb; â‡‹
&leftrightsquigarrow; â†­
&8621; â†­
&x21ad; â†­
&leftthreetimes; â‹‹
&8907; â‹‹
&x22cb; â‹‹
&leg; â‹š
&8922; â‹š
&x22da; â‹š
&leq; â‰¤
&8804; â‰¤
&x2264; â‰¤
&leqq; â‰¦
&8806; â‰¦
&x2266; â‰¦
&leqslant; â©½
&10877; â©½
&x2a7d; â©½
&les; â©½
&10877; â©½
&x2a7d; â©½
&lescc; âª¨
&10920; âª¨
&x2aa8; âª¨
&lesdot; â©¿
&10879; â©¿
&x2a7f; â©¿
&lesdoto; âª
&10881; âª
&x2a81; âª
&lesdotor; âªƒ
&10883; âªƒ
&x2a83; âªƒ
&lesg; â‹šï¸€
&8922; â‹šï¸€
&x22da; â‹šï¸€
&65024; â‹šï¸€
&xfe00; â‹šï¸€
&lesges; âª“
&10899; âª“
&x2a93; âª“
&lessapprox; âª…
&10885; âª…
&x2a85; âª…
&lessdot; â‹–
&8918; â‹–
&x22d6; â‹–
&lesseqgtr; â‹š
&8922; â‹š
&x22da; â‹š
&lesseqqgtr; âª‹
&10891; âª‹
&x2a8b; âª‹
&lessgtr; â‰¶
&8822; â‰¶
&x2276; â‰¶
&lesssim; â‰²
&8818; â‰²
&x2272; â‰²
&lfisht; â¥¼
&10620; â¥¼
&x297c; â¥¼
&lfloor; âŒŠ
&8970; âŒŠ
&x230a; âŒŠ
&lfr; ğ”©
&120105; ğ”©
&x1d529; ğ”©
&lg; â‰¶
&8822; â‰¶
&x2276; â‰¶
&lgE; âª‘
&10897; âª‘
&x2a91; âª‘
&lhard; â†½
&8637; â†½
&x21bd; â†½
&lharu; â†¼
&8636; â†¼
&x21bc; â†¼
&lharul; â¥ª
&10602; â¥ª
&x296a; â¥ª
&lhblk; â–„
&9604; â–„
&x2584; â–„
&ljcy; Ñ™
&1113; Ñ™
&x0459; Ñ™
&ll; â‰ª
&8810; â‰ª
&x226a; â‰ª
&llarr; â‡‡
&8647; â‡‡
&x21c7; â‡‡
&llcorner; âŒ
&8990; âŒ
&x231e; âŒ
&llhard; â¥«
&10603; â¥«
&x296b; â¥«
&lltri; â—º
&9722; â—º
&x25fa; â—º
&lmidot; Å€
&320; Å€
&x0140; Å€
&lmoust; â°
&9136; â°
&x23b0; â°
&lmoustache; â°
&9136; â°
&x23b0; â°
&lnE; â‰¨
&8808; â‰¨
&x2268; â‰¨
&lnap; âª‰
&10889; âª‰
&x2a89; âª‰
&lnapprox; âª‰
&10889; âª‰
&x2a89; âª‰
&lne; âª‡
&10887; âª‡
&x2a87; âª‡
&lneq; âª‡
&10887; âª‡
&x2a87; âª‡
&lneqq; â‰¨
&8808; â‰¨
&x2268; â‰¨
&lnsim; â‹¦
&8934; â‹¦
&x22e6; â‹¦
&loang; âŸ¬
&10220; âŸ¬
&x27ec; âŸ¬
&loarr; â‡½
&8701; â‡½
&x21fd; â‡½
&lobrk; âŸ¦
&10214; âŸ¦
&x27e6; âŸ¦
&longleftarrow; âŸµ
&10229; âŸµ
&x27f5; âŸµ
&longleftrightarrow; âŸ·
&10231; âŸ·
&x27f7; âŸ·
&longmapsto; âŸ¼
&10236; âŸ¼
&x27fc; âŸ¼
&longrightarrow; âŸ¶
&10230; âŸ¶
&x27f6; âŸ¶
&looparrowleft; â†«
&8619; â†«
&x21ab; â†«
&looparrowright; â†¬
&8620; â†¬
&x21ac; â†¬
&lopar; â¦…
&10629; â¦…
&x2985; â¦…
&lopf; ğ•
&120157; ğ•
&x1d55d; ğ•
&loplus; â¨­
&10797; â¨­
&x2a2d; â¨­
&lotimes; â¨´
&10804; â¨´
&x2a34; â¨´
&lowast; âˆ—
&8727; âˆ—
&x2217; âˆ—
&lowbar; _
&95; _
&x5f; _
&x005f; _
&loz; â—Š
&9674; â—Š
&x25ca; â—Š
&lozenge; â—Š
&9674; â—Š
&x25ca; â—Š
&lozf; â§«
&10731; â§«
&x29eb; â§«
&lpar; (
&40; (
&x28; (
&x0028; (
&lparlt; â¦“
&10643; â¦“
&x2993; â¦“
&lrarr; â‡†
&8646; â‡†
&x21c6; â‡†
&lrcorner; âŒŸ
&8991; âŒŸ
&x231f; âŒŸ
&lrhar; â‡‹
&8651; â‡‹
&x21cb; â‡‹
&lrhard; â¥­
&10605; â¥­
&x296d; â¥­
&lrm; â€
&8206; â€
&x200e; â€
&lrtri; âŠ¿
&8895; âŠ¿
&x22bf; âŠ¿
&lsaquo; â€¹
&8249; â€¹
&x2039; â€¹
&lscr; ğ“
&120001; ğ“
&x1d4c1; ğ“
&lsh; â†°
&8624; â†°
&x21b0; â†°
&lsim; â‰²
&8818; â‰²
&x2272; â‰²
&lsime; âª
&10893; âª
&x2a8d; âª
&lsimg; âª
&10895; âª
&x2a8f; âª
&lsqb; [
&91; [
&x5b; [
&x005b; [
&lsquo; â€˜
&8216; â€˜
&x2018; â€˜
&lsquor; â€š
&8218; â€š
&x201a; â€š
&lstrok; Å‚
&322; Å‚
&x0142; Å‚
&lt; <
&60; <
&x3c; <
&x003c; <
&ltcc; âª¦
&10918; âª¦
&x2aa6; âª¦
&ltcir; â©¹
&10873; â©¹
&x2a79; â©¹
&ltdot; â‹–
&8918; â‹–
&x22d6; â‹–
&lthree; â‹‹
&8907; â‹‹
&x22cb; â‹‹
&ltimes; â‹‰
&8905; â‹‰
&x22c9; â‹‰
&ltlarr; â¥¶
&10614; â¥¶
&x2976; â¥¶
&ltquest; â©»
&10875; â©»
&x2a7b; â©»
&ltrPar; â¦–
&10646; â¦–
&x2996; â¦–
&ltri; â—ƒ
&9667; â—ƒ
&x25c3; â—ƒ
&ltrie; âŠ´
&8884; âŠ´
&x22b4; âŠ´
&ltrif; â—‚
&9666; â—‚
&x25c2; â—‚
&lurdshar; â¥Š
&10570; â¥Š
&x294a; â¥Š
&luruhar; â¥¦
&10598; â¥¦
&x2966; â¥¦
&lvertneqq; â‰¨ï¸€
&8808; â‰¨ï¸€
&x2268; â‰¨ï¸€
&65024; â‰¨ï¸€
&xfe00; â‰¨ï¸€
&lvnE; â‰¨ï¸€
&8808; â‰¨ï¸€
&x2268; â‰¨ï¸€
&65024; â‰¨ï¸€
&xfe00; â‰¨ï¸€
&mDDot; âˆº
&8762; âˆº
&x223a; âˆº
&macr; Â¯
&175; Â¯
&xaf; Â¯
&x00af; Â¯
&male; â™‚
&9794; â™‚
&x2642; â™‚
&malt; âœ 
&10016; âœ 
&x2720; âœ 
&maltese; âœ 
&10016; âœ 
&x2720; âœ 
&map; â†¦
&8614; â†¦
&x21a6; â†¦
&mapsto; â†¦
&8614; â†¦
&x21a6; â†¦
&mapstodown; â†§
&8615; â†§
&x21a7; â†§
&mapstoleft; â†¤
&8612; â†¤
&x21a4; â†¤
&mapstoup; â†¥
&8613; â†¥
&x21a5; â†¥
&marker; â–®
&9646; â–®
&x25ae; â–®
&mcomma; â¨©
&10793; â¨©
&x2a29; â¨©
&mcy; Ğ¼
&1084; Ğ¼
&x043c; Ğ¼
&mdash; â€”
&8212; â€”
&x2014; â€”
&measuredangle; âˆ¡
&8737; âˆ¡
&x2221; âˆ¡
&mfr; ğ”ª
&120106; ğ”ª
&x1d52a; ğ”ª
&mho; â„§
&8487; â„§
&x2127; â„§
&micro; Âµ
&181; Âµ
&xb5; Âµ
&x00b5; Âµ
&mid; âˆ£
&8739; âˆ£
&x2223; âˆ£
&midast; *
&42; *
&x2a; *
&x002a; *
&midcir; â«°
&10992; â«°
&x2af0; â«°
&middot; Â·
&183; Â·
&xb7; Â·
&x00b7; Â·
&minus; âˆ’
&8722; âˆ’
&x2212; âˆ’
&minusb; âŠŸ
&8863; âŠŸ
&x229f; âŠŸ
&minusd; âˆ¸
&8760; âˆ¸
&x2238; âˆ¸
&minusdu; â¨ª
&10794; â¨ª
&x2a2a; â¨ª
&mlcp; â«›
&10971; â«›
&x2adb; â«›
&mldr; â€¦
&8230; â€¦
&x2026; â€¦
&mnplus; âˆ“
&8723; âˆ“
&x2213; âˆ“
&models; âŠ§
&8871; âŠ§
&x22a7; âŠ§
&mopf; ğ•
&120158; ğ•
&x1d55e; ğ•
&mp; âˆ“
&8723; âˆ“
&x2213; âˆ“
&mscr; ğ“‚
&120002; ğ“‚
&x1d4c2; ğ“‚
&mstpos; âˆ¾
&8766; âˆ¾
&x223e; âˆ¾
&mu; Î¼
&956; Î¼
&x03bc; Î¼
&multimap; âŠ¸
&8888; âŠ¸
&x22b8; âŠ¸
&mumap; âŠ¸
&8888; âŠ¸
&x22b8; âŠ¸
&nGg; â‹™Ì¸
&8921; â‹™Ì¸
&x22d9; â‹™Ì¸
&824; â‹™Ì¸
&x0338; â‹™Ì¸
&nGt; â‰«âƒ’
&8811; â‰«âƒ’
&x226b; â‰«âƒ’
&8402; â‰«âƒ’
&x20d2; â‰«âƒ’
&nGtv; â‰«Ì¸
&8811; â‰«Ì¸
&x226b; â‰«Ì¸
&824; â‰«Ì¸
&x0338; â‰«Ì¸
&nLeftarrow; â‡
&8653; â‡
&x21cd; â‡
&nLeftrightarrow; â‡
&8654; â‡
&x21ce; â‡
&nLl; â‹˜Ì¸
&8920; â‹˜Ì¸
&x22d8; â‹˜Ì¸
&824; â‹˜Ì¸
&x0338; â‹˜Ì¸
&nLt; â‰ªâƒ’
&8810; â‰ªâƒ’
&x226a; â‰ªâƒ’
&8402; â‰ªâƒ’
&x20d2; â‰ªâƒ’
&nLtv; â‰ªÌ¸
&8810; â‰ªÌ¸
&x226a; â‰ªÌ¸
&824; â‰ªÌ¸
&x0338; â‰ªÌ¸
&nRightarrow; â‡
&8655; â‡
&x21cf; â‡
&nVDash; âŠ¯
&8879; âŠ¯
&x22af; âŠ¯
&nVdash; âŠ®
&8878; âŠ®
&x22ae; âŠ®
&nabla; âˆ‡
&8711; âˆ‡
&x2207; âˆ‡
&nacute; Å„
&324; Å„
&x0144; Å„
&nang; âˆ âƒ’
&8736; âˆ âƒ’
&x2220; âˆ âƒ’
&8402; âˆ âƒ’
&x20d2; âˆ âƒ’
&nap; â‰‰
&8777; â‰‰
&x2249; â‰‰
&napE; â©°Ì¸
&10864; â©°Ì¸
&x2a70; â©°Ì¸
&824; â©°Ì¸
&x0338; â©°Ì¸
&napid; â‰‹Ì¸
&8779; â‰‹Ì¸
&x224b; â‰‹Ì¸
&824; â‰‹Ì¸
&x0338; â‰‹Ì¸
&napos; Å‰
&329; Å‰
&x0149; Å‰
&napprox; â‰‰
&8777; â‰‰
&x2249; â‰‰
&natur; â™®
&9838; â™®
&x266e; â™®
&natural; â™®
&9838; â™®
&x266e; â™®
&naturals; â„•
&8469; â„•
&x2115; â„•
&nbsp; Â 
&160; Â 
&xa0; Â 
&x00a0; Â 
&nbump; â‰Ì¸
&8782; â‰Ì¸
&x224e; â‰Ì¸
&824; â‰Ì¸
&x0338; â‰Ì¸
&nbumpe; â‰Ì¸
&8783; â‰Ì¸
&x224f; â‰Ì¸
&824; â‰Ì¸
&x0338; â‰Ì¸
&ncap; â©ƒ
&10819; â©ƒ
&x2a43; â©ƒ
&ncaron; Åˆ
&328; Åˆ
&x0148; Åˆ
&ncedil; Å†
&326; Å†
&x0146; Å†
&ncong; â‰‡
&8775; â‰‡
&x2247; â‰‡
&ncongdot; â©­Ì¸
&10861; â©­Ì¸
&x2a6d; â©­Ì¸
&824; â©­Ì¸
&x0338; â©­Ì¸
&ncup; â©‚
&10818; â©‚
&x2a42; â©‚
&ncy; Ğ½
&1085; Ğ½
&x043d; Ğ½
&ndash; â€“
&8211; â€“
&x2013; â€“
&ne; â‰ 
&8800; â‰ 
&x2260; â‰ 
&neArr; â‡—
&8663; â‡—
&x21d7; â‡—
&nearhk; â¤¤
&10532; â¤¤
&x2924; â¤¤
&nearr; â†—
&8599; â†—
&x2197; â†—
&nearrow; â†—
&8599; â†—
&x2197; â†—
&nedot; â‰Ì¸
&8784; â‰Ì¸
&x2250; â‰Ì¸
&824; â‰Ì¸
&x0338; â‰Ì¸
&nequiv; â‰¢
&8802; â‰¢
&x2262; â‰¢
&nesear; â¤¨
&10536; â¤¨
&x2928; â¤¨
&nesim; â‰‚Ì¸
&8770; â‰‚Ì¸
&x2242; â‰‚Ì¸
&824; â‰‚Ì¸
&x0338; â‰‚Ì¸
&nexist; âˆ„
&8708; âˆ„
&x2204; âˆ„
&nexists; âˆ„
&8708; âˆ„
&x2204; âˆ„
&nfr; ğ”«
&120107; ğ”«
&x1d52b; ğ”«
&ngE; â‰§Ì¸
&8807; â‰§Ì¸
&x2267; â‰§Ì¸
&824; â‰§Ì¸
&x0338; â‰§Ì¸
&nge; â‰±
&8817; â‰±
&x2271; â‰±
&ngeq; â‰±
&8817; â‰±
&x2271; â‰±
&ngeqq; â‰§Ì¸
&8807; â‰§Ì¸
&x2267; â‰§Ì¸
&824; â‰§Ì¸
&x0338; â‰§Ì¸
&ngeqslant; â©¾Ì¸
&10878; â©¾Ì¸
&x2a7e; â©¾Ì¸
&824; â©¾Ì¸
&x0338; â©¾Ì¸
&nges; â©¾Ì¸
&10878; â©¾Ì¸
&x2a7e; â©¾Ì¸
&824; â©¾Ì¸
&x0338; â©¾Ì¸
&ngsim; â‰µ
&8821; â‰µ
&x2275; â‰µ
&ngt; â‰¯
&8815; â‰¯
&x226f; â‰¯
&ngtr; â‰¯
&8815; â‰¯
&x226f; â‰¯
&nhArr; â‡
&8654; â‡
&x21ce; â‡
&nharr; â†®
&8622; â†®
&x21ae; â†®
&nhpar; â«²
&10994; â«²
&x2af2; â«²
&ni; âˆ‹
&8715; âˆ‹
&x220b; âˆ‹
&nis; â‹¼
&8956; â‹¼
&x22fc; â‹¼
&nisd; â‹º
&8954; â‹º
&x22fa; â‹º
&niv; âˆ‹
&8715; âˆ‹
&x220b; âˆ‹
&njcy; Ñš
&1114; Ñš
&x045a; Ñš
&nlArr; â‡
&8653; â‡
&x21cd; â‡
&nlE; â‰¦Ì¸
&8806; â‰¦Ì¸
&x2266; â‰¦Ì¸
&824; â‰¦Ì¸
&x0338; â‰¦Ì¸
&nlarr; â†š
&8602; â†š
&x219a; â†š
&nldr; â€¥
&8229; â€¥
&x2025; â€¥
&nle; â‰°
&8816; â‰°
&x2270; â‰°
&nleftarrow; â†š
&8602; â†š
&x219a; â†š
&nleftrightarrow; â†®
&8622; â†®
&x21ae; â†®
&nleq; â‰°
&8816; â‰°
&x2270; â‰°
&nleqq; â‰¦Ì¸
&8806; â‰¦Ì¸
&x2266; â‰¦Ì¸
&824; â‰¦Ì¸
&x0338; â‰¦Ì¸
&nleqslant; â©½Ì¸
&10877; â©½Ì¸
&x2a7d; â©½Ì¸
&824; â©½Ì¸
&x0338; â©½Ì¸
&nles; â©½Ì¸
&10877; â©½Ì¸
&x2a7d; â©½Ì¸
&824; â©½Ì¸
&x0338; â©½Ì¸
&nless; â‰®
&8814; â‰®
&x226e; â‰®
&nlsim; â‰´
&8820; â‰´
&x2274; â‰´
&nlt; â‰®
&8814; â‰®
&x226e; â‰®
&nltri; â‹ª
&8938; â‹ª
&x22ea; â‹ª
&nltrie; â‹¬
&8940; â‹¬
&x22ec; â‹¬
&nmid; âˆ¤
&8740; âˆ¤
&x2224; âˆ¤
&nopf; ğ•Ÿ
&120159; ğ•Ÿ
&x1d55f; ğ•Ÿ
&not; Â¬
&172; Â¬
&xac; Â¬
&x00ac; Â¬
&notin; âˆ‰
&8713; âˆ‰
&x2209; âˆ‰
&notinE; â‹¹Ì¸
&8953; â‹¹Ì¸
&x22f9; â‹¹Ì¸
&824; â‹¹Ì¸
&x0338; â‹¹Ì¸
&notindot; â‹µÌ¸
&8949; â‹µÌ¸
&x22f5; â‹µÌ¸
&824; â‹µÌ¸
&x0338; â‹µÌ¸
&notinva; âˆ‰
&8713; âˆ‰
&x2209; âˆ‰
&notinvb; â‹·
&8951; â‹·
&x22f7; â‹·
&notinvc; â‹¶
&8950; â‹¶
&x22f6; â‹¶
&notni; âˆŒ
&8716; âˆŒ
&x220c; âˆŒ
&notniva; âˆŒ
&8716; âˆŒ
&x220c; âˆŒ
&notnivb; â‹¾
&8958; â‹¾
&x22fe; â‹¾
&notnivc; â‹½
&8957; â‹½
&x22fd; â‹½
&npar; âˆ¦
&8742; âˆ¦
&x2226; âˆ¦
&nparallel; âˆ¦
&8742; âˆ¦
&x2226; âˆ¦
&nparsl; â«½âƒ¥
&11005; â«½âƒ¥
&x2afd; â«½âƒ¥
&8421; â«½âƒ¥
&x20e5; â«½âƒ¥
&npart; âˆ‚Ì¸
&8706; âˆ‚Ì¸
&x2202; âˆ‚Ì¸
&824; âˆ‚Ì¸
&x0338; âˆ‚Ì¸
&npolint; â¨”
&10772; â¨”
&x2a14; â¨”
&npr; âŠ€
&8832; âŠ€
&x2280; âŠ€
&nprcue; â‹ 
&8928; â‹ 
&x22e0; â‹ 
&npre; âª¯Ì¸
&10927; âª¯Ì¸
&x2aaf; âª¯Ì¸
&824; âª¯Ì¸
&x0338; âª¯Ì¸
&nprec; âŠ€
&8832; âŠ€
&x2280; âŠ€
&npreceq; âª¯Ì¸
&10927; âª¯Ì¸
&x2aaf; âª¯Ì¸
&824; âª¯Ì¸
&x0338; âª¯Ì¸
&nrArr; â‡
&8655; â‡
&x21cf; â‡
&nrarr; â†›
&8603; â†›
&x219b; â†›
&nrarrc; â¤³Ì¸
&10547; â¤³Ì¸
&x2933; â¤³Ì¸
&824; â¤³Ì¸
&x0338; â¤³Ì¸
&nrarrw; â†Ì¸
&8605; â†Ì¸
&x219d; â†Ì¸
&824; â†Ì¸
&x0338; â†Ì¸
&nrightarrow; â†›
&8603; â†›
&x219b; â†›
&nrtri; â‹«
&8939; â‹«
&x22eb; â‹«
&nrtrie; â‹­
&8941; â‹­
&x22ed; â‹­
&nsc; âŠ
&8833; âŠ
&x2281; âŠ
&nsccue; â‹¡
&8929; â‹¡
&x22e1; â‹¡
&nsce; âª°Ì¸
&10928; âª°Ì¸
&x2ab0; âª°Ì¸
&824; âª°Ì¸
&x0338; âª°Ì¸
&nscr; ğ“ƒ
&120003; ğ“ƒ
&x1d4c3; ğ“ƒ
&nshortmid; âˆ¤
&8740; âˆ¤
&x2224; âˆ¤
&nshortparallel; âˆ¦
&8742; âˆ¦
&x2226; âˆ¦
&nsim; â‰
&8769; â‰
&x2241; â‰
&nsime; â‰„
&8772; â‰„
&x2244; â‰„
&nsimeq; â‰„
&8772; â‰„
&x2244; â‰„
&nsmid; âˆ¤
&8740; âˆ¤
&x2224; âˆ¤
&nspar; âˆ¦
&8742; âˆ¦
&x2226; âˆ¦
&nsqsube; â‹¢
&8930; â‹¢
&x22e2; â‹¢
&nsqsupe; â‹£
&8931; â‹£
&x22e3; â‹£
&nsub; âŠ„
&8836; âŠ„
&x2284; âŠ„
&nsubE; â«…Ì¸
&10949; â«…Ì¸
&x2ac5; â«…Ì¸
&824; â«…Ì¸
&x0338; â«…Ì¸
&nsube; âŠˆ
&8840; âŠˆ
&x2288; âŠˆ
&nsubset; âŠ‚âƒ’
&8834; âŠ‚âƒ’
&x2282; âŠ‚âƒ’
&8402; âŠ‚âƒ’
&x20d2; âŠ‚âƒ’
&nsubseteq; âŠˆ
&8840; âŠˆ
&x2288; âŠˆ
&nsubseteqq; â«…Ì¸
&10949; â«…Ì¸
&x2ac5; â«…Ì¸
&824; â«…Ì¸
&x0338; â«…Ì¸
&nsucc; âŠ
&8833; âŠ
&x2281; âŠ
&nsucceq; âª°Ì¸
&10928; âª°Ì¸
&x2ab0; âª°Ì¸
&824; âª°Ì¸
&x0338; âª°Ì¸
&nsup; âŠ…
&8837; âŠ…
&x2285; âŠ…
&nsupE; â«†Ì¸
&10950; â«†Ì¸
&x2ac6; â«†Ì¸
&824; â«†Ì¸
&x0338; â«†Ì¸
&nsupe; âŠ‰
&8841; âŠ‰
&x2289; âŠ‰
&nsupset; âŠƒâƒ’
&8835; âŠƒâƒ’
&x2283; âŠƒâƒ’
&8402; âŠƒâƒ’
&x20d2; âŠƒâƒ’
&nsupseteq; âŠ‰
&8841; âŠ‰
&x2289; âŠ‰
&nsupseteqq; â«†Ì¸
&10950; â«†Ì¸
&x2ac6; â«†Ì¸
&824; â«†Ì¸
&x0338; â«†Ì¸
&ntgl; â‰¹
&8825; â‰¹
&x2279; â‰¹
&ntilde; Ã±
&241; Ã±
&xf1; Ã±
&x00f1; Ã±
&ntlg; â‰¸
&8824; â‰¸
&x2278; â‰¸
&ntriangleleft; â‹ª
&8938; â‹ª
&x22ea; â‹ª
&ntrianglelefteq; â‹¬
&8940; â‹¬
&x22ec; â‹¬
&ntriangleright; â‹«
&8939; â‹«
&x22eb; â‹«
&ntrianglerighteq; â‹­
&8941; â‹­
&x22ed; â‹­
&nu; Î½
&957; Î½
&x03bd; Î½
&num; #
&35; #
&x23; #
&x0023; #
&numero; â„–
&8470; â„–
&x2116; â„–
&numsp; â€‡
&8199; â€‡
&x2007; â€‡
&nvDash; âŠ­
&8877; âŠ­
&x22ad; âŠ­
&nvHarr; â¤„
&10500; â¤„
&x2904; â¤„
&nvap; â‰âƒ’
&8781; â‰âƒ’
&x224d; â‰âƒ’
&8402; â‰âƒ’
&x20d2; â‰âƒ’
&nvdash; âŠ¬
&8876; âŠ¬
&x22ac; âŠ¬
&nvge; â‰¥âƒ’
&8805; â‰¥âƒ’
&x2265; â‰¥âƒ’
&8402; â‰¥âƒ’
&x20d2; â‰¥âƒ’
&nvgt; >âƒ’
&62; >âƒ’
&x3e; >âƒ’
&x003e; >âƒ’
&8402; >âƒ’
&x20d2; >âƒ’
&nvinfin; â§
&10718; â§
&x29de; â§
&nvlArr; â¤‚
&10498; â¤‚
&x2902; â¤‚
&nvle; â‰¤âƒ’
&8804; â‰¤âƒ’
&x2264; â‰¤âƒ’
&8402; â‰¤âƒ’
&x20d2; â‰¤âƒ’
&nvlt; <âƒ’
&60; <âƒ’
&x3c; <âƒ’
&x003c; <âƒ’
&8402; <âƒ’
&x20d2; <âƒ’
&nvltrie; âŠ´âƒ’
&8884; âŠ´âƒ’
&x22b4; âŠ´âƒ’
&8402; âŠ´âƒ’
&x20d2; âŠ´âƒ’
&nvrArr; â¤ƒ
&10499; â¤ƒ
&x2903; â¤ƒ
&nvrtrie; âŠµâƒ’
&8885; âŠµâƒ’
&x22b5; âŠµâƒ’
&8402; âŠµâƒ’
&x20d2; âŠµâƒ’
&nvsim; âˆ¼âƒ’
&8764; âˆ¼âƒ’
&x223c; âˆ¼âƒ’
&8402; âˆ¼âƒ’
&x20d2; âˆ¼âƒ’
&nwArr; â‡–
&8662; â‡–
&x21d6; â‡–
&nwarhk; â¤£
&10531; â¤£
&x2923; â¤£
&nwarr; â†–
&8598; â†–
&x2196; â†–
&nwarrow; â†–
&8598; â†–
&x2196; â†–
&nwnear; â¤§
&10535; â¤§
&x2927; â¤§
&oS; â“ˆ
&9416; â“ˆ
&x24c8; â“ˆ
&oacute; Ã³
&243; Ã³
&xf3; Ã³
&x00f3; Ã³
&oast; âŠ›
&8859; âŠ›
&x229b; âŠ›
&ocir; âŠš
&8858; âŠš
&x229a; âŠš
&ocirc; Ã´
&244; Ã´
&xf4; Ã´
&x00f4; Ã´
&ocy; Ğ¾
&1086; Ğ¾
&x043e; Ğ¾
&odash; âŠ
&8861; âŠ
&x229d; âŠ
&odblac; Å‘
&337; Å‘
&x0151; Å‘
&odiv; â¨¸
&10808; â¨¸
&x2a38; â¨¸
&odot; âŠ™
&8857; âŠ™
&x2299; âŠ™
&odsold; â¦¼
&10684; â¦¼
&x29bc; â¦¼
&oelig; Å“
&339; Å“
&x0153; Å“
&ofcir; â¦¿
&10687; â¦¿
&x29bf; â¦¿
&ofr; ğ”¬
&120108; ğ”¬
&x1d52c; ğ”¬
&ogon; Ë›
&731; Ë›
&x02db; Ë›
&ograve; Ã²
&242; Ã²
&xf2; Ã²
&x00f2; Ã²
&ogt; â§
&10689; â§
&x29c1; â§
&ohbar; â¦µ
&10677; â¦µ
&x29b5; â¦µ
&ohm; Î©
&937; Î©
&x03a9; Î©
&oint; âˆ®
&8750; âˆ®
&x222e; âˆ®
&olarr; â†º
&8634; â†º
&x21ba; â†º
&olcir; â¦¾
&10686; â¦¾
&x29be; â¦¾
&olcross; â¦»
&10683; â¦»
&x29bb; â¦»
&oline; â€¾
&8254; â€¾
&x203e; â€¾
&olt; â§€
&10688; â§€
&x29c0; â§€
&omacr; Å
&333; Å
&x014d; Å
&omega; Ï‰
&969; Ï‰
&x03c9; Ï‰
&omicron; Î¿
&959; Î¿
&x03bf; Î¿
&omid; â¦¶
&10678; â¦¶
&x29b6; â¦¶
&ominus; âŠ–
&8854; âŠ–
&x2296; âŠ–
&oopf; ğ• 
&120160; ğ• 
&x1d560; ğ• 
&opar; â¦·
&10679; â¦·
&x29b7; â¦·
&operp; â¦¹
&10681; â¦¹
&x29b9; â¦¹
&oplus; âŠ•
&8853; âŠ•
&x2295; âŠ•
&or; âˆ¨
&8744; âˆ¨
&x2228; âˆ¨
&orarr; â†»
&8635; â†»
&x21bb; â†»
&ord; â©
&10845; â©
&x2a5d; â©
&order; â„´
&8500; â„´
&x2134; â„´
&orderof; â„´
&8500; â„´
&x2134; â„´
&ordf; Âª
&170; Âª
&xaa; Âª
&x00aa; Âª
&ordm; Âº
&186; Âº
&xba; Âº
&x00ba; Âº
&origof; âŠ¶
&8886; âŠ¶
&x22b6; âŠ¶
&oror; â©–
&10838; â©–
&x2a56; â©–
&orslope; â©—
&10839; â©—
&x2a57; â©—
&orv; â©›
&10843; â©›
&x2a5b; â©›
&oscr; â„´
&8500; â„´
&x2134; â„´
&oslash; Ã¸
&248; Ã¸
&xf8; Ã¸
&x00f8; Ã¸
&osol; âŠ˜
&8856; âŠ˜
&x2298; âŠ˜
&otilde; Ãµ
&245; Ãµ
&xf5; Ãµ
&x00f5; Ãµ
&otimes; âŠ—
&8855; âŠ—
&x2297; âŠ—
&otimesas; â¨¶
&10806; â¨¶
&x2a36; â¨¶
&ouml; Ã¶
&246; Ã¶
&xf6; Ã¶
&x00f6; Ã¶
&ovbar; âŒ½
&9021; âŒ½
&x233d; âŒ½
&par; âˆ¥
&8741; âˆ¥
&x2225; âˆ¥
&para; Â¶
&182; Â¶
&xb6; Â¶
&x00b6; Â¶
&parallel; âˆ¥
&8741; âˆ¥
&x2225; âˆ¥
&parsim; â«³
&10995; â«³
&x2af3; â«³
&parsl; â«½
&11005; â«½
&x2afd; â«½
&part; âˆ‚
&8706; âˆ‚
&x2202; âˆ‚
&pcy; Ğ¿
&1087; Ğ¿
&x043f; Ğ¿
&percnt; %
&37; %
&x25; %
&x0025; %
&period; .
&46; .
&x2e; .
&x002e; .
&permil; â€°
&8240; â€°
&x2030; â€°
&perp; âŠ¥
&8869; âŠ¥
&x22a5; âŠ¥
&pertenk; â€±
&8241; â€±
&x2031; â€±
&pfr; ğ”­
&120109; ğ”­
&x1d52d; ğ”­
&phi; Ï†
&966; Ï†
&x03c6; Ï†
&phiv; Ï•
&981; Ï•
&x03d5; Ï•
&phmmat; â„³
&8499; â„³
&x2133; â„³
&phone; â˜
&9742; â˜
&x260e; â˜
&pi; Ï€
&960; Ï€
&x03c0; Ï€
&pitchfork; â‹”
&8916; â‹”
&x22d4; â‹”
&piv; Ï–
&982; Ï–
&x03d6; Ï–
&planck; â„
&8463; â„
&x210f; â„
&planckh; â„
&8462; â„
&x210e; â„
&plankv; â„
&8463; â„
&x210f; â„
&plus; +
&43; +
&x2b; +
&x002b; +
&plusacir; â¨£
&10787; â¨£
&x2a23; â¨£
&plusb; âŠ
&8862; âŠ
&x229e; âŠ
&pluscir; â¨¢
&10786; â¨¢
&x2a22; â¨¢
&plusdo; âˆ”
&8724; âˆ”
&x2214; âˆ”
&plusdu; â¨¥
&10789; â¨¥
&x2a25; â¨¥
&pluse; â©²
&10866; â©²
&x2a72; â©²
&plusmn; Â±
&177; Â±
&xb1; Â±
&x00b1; Â±
&plussim; â¨¦
&10790; â¨¦
&x2a26; â¨¦
&plustwo; â¨§
&10791; â¨§
&x2a27; â¨§
&pm; Â±
&177; Â±
&xb1; Â±
&x00b1; Â±
&pointint; â¨•
&10773; â¨•
&x2a15; â¨•
&popf; ğ•¡
&120161; ğ•¡
&x1d561; ğ•¡
&pound; Â£
&163; Â£
&xa3; Â£
&x00a3; Â£
&pr; â‰º
&8826; â‰º
&x227a; â‰º
&prE; âª³
&10931; âª³
&x2ab3; âª³
&prap; âª·
&10935; âª·
&x2ab7; âª·
&prcue; â‰¼
&8828; â‰¼
&x227c; â‰¼
&pre; âª¯
&10927; âª¯
&x2aaf; âª¯
&prec; â‰º
&8826; â‰º
&x227a; â‰º
&precapprox; âª·
&10935; âª·
&x2ab7; âª·
&preccurlyeq; â‰¼
&8828; â‰¼
&x227c; â‰¼
&preceq; âª¯
&10927; âª¯
&x2aaf; âª¯
&precnapprox; âª¹
&10937; âª¹
&x2ab9; âª¹
&precneqq; âªµ
&10933; âªµ
&x2ab5; âªµ
&precnsim; â‹¨
&8936; â‹¨
&x22e8; â‹¨
&precsim; â‰¾
&8830; â‰¾
&x227e; â‰¾
&prime; â€²
&8242; â€²
&x2032; â€²
&primes; â„™
&8473; â„™
&x2119; â„™
&prnE; âªµ
&10933; âªµ
&x2ab5; âªµ
&prnap; âª¹
&10937; âª¹
&x2ab9; âª¹
&prnsim; â‹¨
&8936; â‹¨
&x22e8; â‹¨
&prod; âˆ
&8719; âˆ
&x220f; âˆ
&profalar; âŒ®
&9006; âŒ®
&x232e; âŒ®
&profline; âŒ’
&8978; âŒ’
&x2312; âŒ’
&profsurf; âŒ“
&8979; âŒ“
&x2313; âŒ“
&prop; âˆ
&8733; âˆ
&x221d; âˆ
&propto; âˆ
&8733; âˆ
&x221d; âˆ
&prsim; â‰¾
&8830; â‰¾
&x227e; â‰¾
&prurel; âŠ°
&8880; âŠ°
&x22b0; âŠ°
&pscr; ğ“…
&120005; ğ“…
&x1d4c5; ğ“…
&psi; Ïˆ
&968; Ïˆ
&x03c8; Ïˆ
&puncsp; â€ˆ
&8200; â€ˆ
&x2008; â€ˆ
&qfr; ğ”®
&120110; ğ”®
&x1d52e; ğ”®
&qint; â¨Œ
&10764; â¨Œ
&x2a0c; â¨Œ
&qopf; ğ•¢
&120162; ğ•¢
&x1d562; ğ•¢
&qprime; â—
&8279; â—
&x2057; â—
&qscr; ğ“†
&120006; ğ“†
&x1d4c6; ğ“†
&quaternions; â„
&8461; â„
&x210d; â„
&quatint; â¨–
&10774; â¨–
&x2a16; â¨–
&quest; ?
&63; ?
&x3f; ?
&x003f; ?
&questeq; â‰Ÿ
&8799; â‰Ÿ
&x225f; â‰Ÿ
&quot; "
&34; "
&x22; "
&x0022; "
&rAarr; â‡›
&8667; â‡›
&x21db; â‡›
&rArr; â‡’
&8658; â‡’
&x21d2; â‡’
&rAtail; â¤œ
&10524; â¤œ
&x291c; â¤œ
&rBarr; â¤
&10511; â¤
&x290f; â¤
&rHar; â¥¤
&10596; â¥¤
&x2964; â¥¤
&race; âˆ½Ì±
&8765; âˆ½Ì±
&x223d; âˆ½Ì±
&817; âˆ½Ì±
&x0331; âˆ½Ì±
&racute; Å•
&341; Å•
&x0155; Å•
&radic; âˆš
&8730; âˆš
&x221a; âˆš
&raemptyv; â¦³
&10675; â¦³
&x29b3; â¦³
&rang; âŸ©
&10217; âŸ©
&x27e9; âŸ©
&rangd; â¦’
&10642; â¦’
&x2992; â¦’
&range; â¦¥
&10661; â¦¥
&x29a5; â¦¥
&rangle; âŸ©
&10217; âŸ©
&x27e9; âŸ©
&raquo; Â»
&187; Â»
&xbb; Â»
&x00bb; Â»
&rarr; â†’
&8594; â†’
&x2192; â†’
&rarrap; â¥µ
&10613; â¥µ
&x2975; â¥µ
&rarrb; â‡¥
&8677; â‡¥
&x21e5; â‡¥
&rarrbfs; â¤ 
&10528; â¤ 
&x2920; â¤ 
&rarrc; â¤³
&10547; â¤³
&x2933; â¤³
&rarrfs; â¤
&10526; â¤
&x291e; â¤
&rarrhk; â†ª
&8618; â†ª
&x21aa; â†ª
&rarrlp; â†¬
&8620; â†¬
&x21ac; â†¬
&rarrpl; â¥…
&10565; â¥…
&x2945; â¥…
&rarrsim; â¥´
&10612; â¥´
&x2974; â¥´
&rarrtl; â†£
&8611; â†£
&x21a3; â†£
&rarrw; â†
&8605; â†
&x219d; â†
&ratail; â¤š
&10522; â¤š
&x291a; â¤š
&ratio; âˆ¶
&8758; âˆ¶
&x2236; âˆ¶
&rationals; â„š
&8474; â„š
&x211a; â„š
&rbarr; â¤
&10509; â¤
&x290d; â¤
&rbbrk; â³
&10099; â³
&x2773; â³
&rbrace; }
&125; }
&x7d; }
&x007d; }
&rbrack; ]
&93; ]
&x5d; ]
&x005d; ]
&rbrke; â¦Œ
&10636; â¦Œ
&x298c; â¦Œ
&rbrksld; â¦
&10638; â¦
&x298e; â¦
&rbrkslu; â¦
&10640; â¦
&x2990; â¦
&rcaron; Å™
&345; Å™
&x0159; Å™
&rcedil; Å—
&343; Å—
&x0157; Å—
&rceil; âŒ‰
&8969; âŒ‰
&x2309; âŒ‰
&rcub; }
&125; }
&x7d; }
&x007d; }
&rcy; Ñ€
&1088; Ñ€
&x0440; Ñ€
&rdca; â¤·
&10551; â¤·
&x2937; â¤·
&rdldhar; â¥©
&10601; â¥©
&x2969; â¥©
&rdquo; â€
&8221; â€
&x201d; â€
&rdquor; â€
&8221; â€
&x201d; â€
&rdsh; â†³
&8627; â†³
&x21b3; â†³
&real; â„œ
&8476; â„œ
&x211c; â„œ
&realine; â„›
&8475; â„›
&x211b; â„›
&realpart; â„œ
&8476; â„œ
&x211c; â„œ
&reals; â„
&8477; â„
&x211d; â„
&rect; â–­
&9645; â–­
&x25ad; â–­
&reg; Â®
&174; Â®
&xae; Â®
&x00ae; Â®
&rfisht; â¥½
&10621; â¥½
&x297d; â¥½
&rfloor; âŒ‹
&8971; âŒ‹
&x230b; âŒ‹
&rfr; ğ”¯
&120111; ğ”¯
&x1d52f; ğ”¯
&rhard; â‡
&8641; â‡
&x21c1; â‡
&rharu; â‡€
&8640; â‡€
&x21c0; â‡€
&rharul; â¥¬
&10604; â¥¬
&x296c; â¥¬
&rho; Ï
&961; Ï
&x03c1; Ï
&rhov; Ï±
&1009; Ï±
&x03f1; Ï±
&rightarrow; â†’
&8594; â†’
&x2192; â†’
&rightarrowtail; â†£
&8611; â†£
&x21a3; â†£
&rightharpoondown; â‡
&8641; â‡
&x21c1; â‡
&rightharpoonup; â‡€
&8640; â‡€
&x21c0; â‡€
&rightleftarrows; â‡„
&8644; â‡„
&x21c4; â‡„
&rightleftharpoons; â‡Œ
&8652; â‡Œ
&x21cc; â‡Œ
&rightrightarrows; â‡‰
&8649; â‡‰
&x21c9; â‡‰
&rightsquigarrow; â†
&8605; â†
&x219d; â†
&rightthreetimes; â‹Œ
&8908; â‹Œ
&x22cc; â‹Œ
&ring; Ëš
&730; Ëš
&x02da; Ëš
&risingdotseq; â‰“
&8787; â‰“
&x2253; â‰“
&rlarr; â‡„
&8644; â‡„
&x21c4; â‡„
&rlhar; â‡Œ
&8652; â‡Œ
&x21cc; â‡Œ
&rlm; â€
&8207; â€
&x200f; â€
&rmoust; â±
&9137; â±
&x23b1; â±
&rmoustache; â±
&9137; â±
&x23b1; â±
&rnmid; â«®
&10990; â«®
&x2aee; â«®
&roang; âŸ­
&10221; âŸ­
&x27ed; âŸ­
&roarr; â‡¾
&8702; â‡¾
&x21fe; â‡¾
&robrk; âŸ§
&10215; âŸ§
&x27e7; âŸ§
&ropar; â¦†
&10630; â¦†
&x2986; â¦†
&ropf; ğ•£
&120163; ğ•£
&x1d563; ğ•£
&roplus; â¨®
&10798; â¨®
&x2a2e; â¨®
&rotimes; â¨µ
&10805; â¨µ
&x2a35; â¨µ
&rpar; )
&41; )
&x29; )
&x0029; )
&rpargt; â¦”
&10644; â¦”
&x2994; â¦”
&rppolint; â¨’
&10770; â¨’
&x2a12; â¨’
&rrarr; â‡‰
&8649; â‡‰
&x21c9; â‡‰
&rsaquo; â€º
&8250; â€º
&x203a; â€º
&rscr; ğ“‡
&120007; ğ“‡
&x1d4c7; ğ“‡
&rsh; â†±
&8625; â†±
&x21b1; â†±
&rsqb; ]
&93; ]
&x5d; ]
&x005d; ]
&rsquo; â€™
&8217; â€™
&x2019; â€™
&rsquor; â€™
&8217; â€™
&x2019; â€™
&rthree; â‹Œ
&8908; â‹Œ
&x22cc; â‹Œ
&rtimes; â‹Š
&8906; â‹Š
&x22ca; â‹Š
&rtri; â–¹
&9657; â–¹
&x25b9; â–¹
&rtrie; âŠµ
&8885; âŠµ
&x22b5; âŠµ
&rtrif; â–¸
&9656; â–¸
&x25b8; â–¸
&rtriltri; â§
&10702; â§
&x29ce; â§
&ruluhar; â¥¨
&10600; â¥¨
&x2968; â¥¨
&rx; â„
&8478; â„
&x211e; â„
&sacute; Å›
&347; Å›
&x015b; Å›
&sbquo; â€š
&8218; â€š
&x201a; â€š
&sc; â‰»
&8827; â‰»
&x227b; â‰»
&scE; âª´
&10932; âª´
&x2ab4; âª´
&scap; âª¸
&10936; âª¸
&x2ab8; âª¸
&scaron; Å¡
&353; Å¡
&x0161; Å¡
&sccue; â‰½
&8829; â‰½
&x227d; â‰½
&sce; âª°
&10928; âª°
&x2ab0; âª°
&scedil; ÅŸ
&351; ÅŸ
&x015f; ÅŸ
&scirc; Å
&349; Å
&x015d; Å
&scnE; âª¶
&10934; âª¶
&x2ab6; âª¶
&scnap; âªº
&10938; âªº
&x2aba; âªº
&scnsim; â‹©
&8937; â‹©
&x22e9; â‹©
&scpolint; â¨“
&10771; â¨“
&x2a13; â¨“
&scsim; â‰¿
&8831; â‰¿
&x227f; â‰¿
&scy; Ñ
&1089; Ñ
&x0441; Ñ
&sdot; â‹…
&8901; â‹…
&x22c5; â‹…
&sdotb; âŠ¡
&8865; âŠ¡
&x22a1; âŠ¡
&sdote; â©¦
&10854; â©¦
&x2a66; â©¦
&seArr; â‡˜
&8664; â‡˜
&x21d8; â‡˜
&searhk; â¤¥
&10533; â¤¥
&x2925; â¤¥
&searr; â†˜
&8600; â†˜
&x2198; â†˜
&searrow; â†˜
&8600; â†˜
&x2198; â†˜
&sect; Â§
&167; Â§
&xa7; Â§
&x00a7; Â§
&semi; ;
&59; ;
&x3b; ;
&x003b; ;
&seswar; â¤©
&10537; â¤©
&x2929; â¤©
&setminus; âˆ–
&8726; âˆ–
&x2216; âˆ–
&setmn; âˆ–
&8726; âˆ–
&x2216; âˆ–
&sext; âœ¶
&10038; âœ¶
&x2736; âœ¶
&sfr; ğ”°
&120112; ğ”°
&x1d530; ğ”°
&sfrown; âŒ¢
&8994; âŒ¢
&x2322; âŒ¢
&sharp; â™¯
&9839; â™¯
&x266f; â™¯
&shchcy; Ñ‰
&1097; Ñ‰
&x0449; Ñ‰
&shcy; Ñˆ
&1096; Ñˆ
&x0448; Ñˆ
&shortmid; âˆ£
&8739; âˆ£
&x2223; âˆ£
&shortparallel; âˆ¥
&8741; âˆ¥
&x2225; âˆ¥
&shy; Â­
&173; Â­
&xad; Â­
&x00ad; Â­
&sigma; Ïƒ
&963; Ïƒ
&x03c3; Ïƒ
&sigmaf; Ï‚
&962; Ï‚
&x03c2; Ï‚
&sigmav; Ï‚
&962; Ï‚
&x03c2; Ï‚
&sim; âˆ¼
&8764; âˆ¼
&x223c; âˆ¼
&simdot; â©ª
&10858; â©ª
&x2a6a; â©ª
&sime; â‰ƒ
&8771; â‰ƒ
&x2243; â‰ƒ
&simeq; â‰ƒ
&8771; â‰ƒ
&x2243; â‰ƒ
&simg; âª
&10910; âª
&x2a9e; âª
&simgE; âª 
&10912; âª 
&x2aa0; âª 
&siml; âª
&10909; âª
&x2a9d; âª
&simlE; âªŸ
&10911; âªŸ
&x2a9f; âªŸ
&simne; â‰†
&8774; â‰†
&x2246; â‰†
&simplus; â¨¤
&10788; â¨¤
&x2a24; â¨¤
&simrarr; â¥²
&10610; â¥²
&x2972; â¥²
&slarr; â†
&8592; â†
&x2190; â†
&smallsetminus; âˆ–
&8726; âˆ–
&x2216; âˆ–
&smashp; â¨³
&10803; â¨³
&x2a33; â¨³
&smeparsl; â§¤
&10724; â§¤
&x29e4; â§¤
&smid; âˆ£
&8739; âˆ£
&x2223; âˆ£
&smile; âŒ£
&8995; âŒ£
&x2323; âŒ£
&smt; âªª
&10922; âªª
&x2aaa; âªª
&smte; âª¬
&10924; âª¬
&x2aac; âª¬
&smtes; âª¬ï¸€
&10924; âª¬ï¸€
&x2aac; âª¬ï¸€
&65024; âª¬ï¸€
&xfe00; âª¬ï¸€
&softcy; ÑŒ
&1100; ÑŒ
&x044c; ÑŒ
&sol; /
&47; /
&x2f; /
&x002f; /
&solb; â§„
&10692; â§„
&x29c4; â§„
&solbar; âŒ¿
&9023; âŒ¿
&x233f; âŒ¿
&sopf; ğ•¤
&120164; ğ•¤
&x1d564; ğ•¤
&spades; â™ 
&9824; â™ 
&x2660; â™ 
&spadesuit; â™ 
&9824; â™ 
&x2660; â™ 
&spar; âˆ¥
&8741; âˆ¥
&x2225; âˆ¥
&sqcap; âŠ“
&8851; âŠ“
&x2293; âŠ“
&sqcaps; âŠ“ï¸€
&8851; âŠ“ï¸€
&x2293; âŠ“ï¸€
&65024; âŠ“ï¸€
&xfe00; âŠ“ï¸€
&sqcup; âŠ”
&8852; âŠ”
&x2294; âŠ”
&sqcups; âŠ”ï¸€
&8852; âŠ”ï¸€
&x2294; âŠ”ï¸€
&65024; âŠ”ï¸€
&xfe00; âŠ”ï¸€
&sqsub; âŠ
&8847; âŠ
&x228f; âŠ
&sqsube; âŠ‘
&8849; âŠ‘
&x2291; âŠ‘
&sqsubset; âŠ
&8847; âŠ
&x228f; âŠ
&sqsubseteq; âŠ‘
&8849; âŠ‘
&x2291; âŠ‘
&sqsup; âŠ
&8848; âŠ
&x2290; âŠ
&sqsupe; âŠ’
&8850; âŠ’
&x2292; âŠ’
&sqsupset; âŠ
&8848; âŠ
&x2290; âŠ
&sqsupseteq; âŠ’
&8850; âŠ’
&x2292; âŠ’
&squ; â–¡
&9633; â–¡
&x25a1; â–¡
&square; â–¡
&9633; â–¡
&x25a1; â–¡
&squarf; â–ª
&9642; â–ª
&x25aa; â–ª
&squf; â–ª
&9642; â–ª
&x25aa; â–ª
&srarr; â†’
&8594; â†’
&x2192; â†’
&sscr; ğ“ˆ
&120008; ğ“ˆ
&x1d4c8; ğ“ˆ
&ssetmn; âˆ–
&8726; âˆ–
&x2216; âˆ–
&ssmile; âŒ£
&8995; âŒ£
&x2323; âŒ£
&sstarf; â‹†
&8902; â‹†
&x22c6; â‹†
&star; â˜†
&9734; â˜†
&x2606; â˜†
&starf; â˜…
&9733; â˜…
&x2605; â˜…
&straightepsilon; Ïµ
&1013; Ïµ
&x03f5; Ïµ
&straightphi; Ï•
&981; Ï•
&x03d5; Ï•
&strns; Â¯
&175; Â¯
&xaf; Â¯
&x00af; Â¯
&sub; âŠ‚
&8834; âŠ‚
&x2282; âŠ‚
&subE; â«…
&10949; â«…
&x2ac5; â«…
&subdot; âª½
&10941; âª½
&x2abd; âª½
&sube; âŠ†
&8838; âŠ†
&x2286; âŠ†
&subedot; â«ƒ
&10947; â«ƒ
&x2ac3; â«ƒ
&submult; â«
&10945; â«
&x2ac1; â«
&subnE; â«‹
&10955; â«‹
&x2acb; â«‹
&subne; âŠŠ
&8842; âŠŠ
&x228a; âŠŠ
&subplus; âª¿
&10943; âª¿
&x2abf; âª¿
&subrarr; â¥¹
&10617; â¥¹
&x2979; â¥¹
&subset; âŠ‚
&8834; âŠ‚
&x2282; âŠ‚
&subseteq; âŠ†
&8838; âŠ†
&x2286; âŠ†
&subseteqq; â«…
&10949; â«…
&x2ac5; â«…
&subsetneq; âŠŠ
&8842; âŠŠ
&x228a; âŠŠ
&subsetneqq; â«‹
&10955; â«‹
&x2acb; â«‹
&subsim; â«‡
&10951; â«‡
&x2ac7; â«‡
&subsub; â«•
&10965; â«•
&x2ad5; â«•
&subsup; â«“
&10963; â«“
&x2ad3; â«“
&succ; â‰»
&8827; â‰»
&x227b; â‰»
&succapprox; âª¸
&10936; âª¸
&x2ab8; âª¸
&succcurlyeq; â‰½
&8829; â‰½
&x227d; â‰½
&succeq; âª°
&10928; âª°
&x2ab0; âª°
&succnapprox; âªº
&10938; âªº
&x2aba; âªº
&succneqq; âª¶
&10934; âª¶
&x2ab6; âª¶
&succnsim; â‹©
&8937; â‹©
&x22e9; â‹©
&succsim; â‰¿
&8831; â‰¿
&x227f; â‰¿
&sum; âˆ‘
&8721; âˆ‘
&x2211; âˆ‘
&sung; â™ª
&9834; â™ª
&x266a; â™ª
&sup1; Â¹
&185; Â¹
&xb9; Â¹
&x00b9; Â¹
&sup2; Â²
&178; Â²
&xb2; Â²
&x00b2; Â²
&sup3; Â³
&179; Â³
&xb3; Â³
&x00b3; Â³
&sup; âŠƒ
&8835; âŠƒ
&x2283; âŠƒ
&supE; â«†
&10950; â«†
&x2ac6; â«†
&supdot; âª¾
&10942; âª¾
&x2abe; âª¾
&supdsub; â«˜
&10968; â«˜
&x2ad8; â«˜
&supe; âŠ‡
&8839; âŠ‡
&x2287; âŠ‡
&supedot; â«„
&10948; â«„
&x2ac4; â«„
&suphsol; âŸ‰
&10185; âŸ‰
&x27c9; âŸ‰
&suphsub; â«—
&10967; â«—
&x2ad7; â«—
&suplarr; â¥»
&10619; â¥»
&x297b; â¥»
&supmult; â«‚
&10946; â«‚
&x2ac2; â«‚
&supnE; â«Œ
&10956; â«Œ
&x2acc; â«Œ
&supne; âŠ‹
&8843; âŠ‹
&x228b; âŠ‹
&supplus; â«€
&10944; â«€
&x2ac0; â«€
&supset; âŠƒ
&8835; âŠƒ
&x2283; âŠƒ
&supseteq; âŠ‡
&8839; âŠ‡
&x2287; âŠ‡
&supseteqq; â«†
&10950; â«†
&x2ac6; â«†
&supsetneq; âŠ‹
&8843; âŠ‹
&x228b; âŠ‹
&supsetneqq; â«Œ
&10956; â«Œ
&x2acc; â«Œ
&supsim; â«ˆ
&10952; â«ˆ
&x2ac8; â«ˆ
&supsub; â«”
&10964; â«”
&x2ad4; â«”
&supsup; â«–
&10966; â«–
&x2ad6; â«–
&swArr; â‡™
&8665; â‡™
&x21d9; â‡™
&swarhk; â¤¦
&10534; â¤¦
&x2926; â¤¦
&swarr; â†™
&8601; â†™
&x2199; â†™
&swarrow; â†™
&8601; â†™
&x2199; â†™
&swnwar; â¤ª
&10538; â¤ª
&x292a; â¤ª
&szlig; ÃŸ
&223; ÃŸ
&xdf; ÃŸ
&x00df; ÃŸ
&target; âŒ–
&8982; âŒ–
&x2316; âŒ–
&tau; Ï„
&964; Ï„
&x03c4; Ï„
&tbrk; â´
&9140; â´
&x23b4; â´
&tcaron; Å¥
&357; Å¥
&x0165; Å¥
&tcedil; Å£
&355; Å£
&x0163; Å£
&tcy; Ñ‚
&1090; Ñ‚
&x0442; Ñ‚
&tdot; âƒ›
&8411; âƒ›
&x20db; âƒ›
&telrec; âŒ•
&8981; âŒ•
&x2315; âŒ•
&tfr; ğ”±
&120113; ğ”±
&x1d531; ğ”±
&there4; âˆ´
&8756; âˆ´
&x2234; âˆ´
&therefore; âˆ´
&8756; âˆ´
&x2234; âˆ´
&theta; Î¸
&952; Î¸
&x03b8; Î¸
&thetasym; Ï‘
&977; Ï‘
&x03d1; Ï‘
&thetav; Ï‘
&977; Ï‘
&x03d1; Ï‘
&thickapprox; â‰ˆ
&8776; â‰ˆ
&x2248; â‰ˆ
&thicksim; âˆ¼
&8764; âˆ¼
&x223c; âˆ¼
&thinsp; â€‰
&8201; â€‰
&x2009; â€‰
&thkap; â‰ˆ
&8776; â‰ˆ
&x2248; â‰ˆ
&thksim; âˆ¼
&8764; âˆ¼
&x223c; âˆ¼
&thorn; Ã¾
&254; Ã¾
&xfe; Ã¾
&x00fe; Ã¾
&tilde; Ëœ
&732; Ëœ
&x02dc; Ëœ
&times; Ã—
&215; Ã—
&xd7; Ã—
&x00d7; Ã—
&timesb; âŠ 
&8864; âŠ 
&x22a0; âŠ 
&timesbar; â¨±
&10801; â¨±
&x2a31; â¨±
&timesd; â¨°
&10800; â¨°
&x2a30; â¨°
&tint; âˆ­
&8749; âˆ­
&x222d; âˆ­
&toea; â¤¨
&10536; â¤¨
&x2928; â¤¨
&top; âŠ¤
&8868; âŠ¤
&x22a4; âŠ¤
&topbot; âŒ¶
&9014; âŒ¶
&x2336; âŒ¶
&topcir; â«±
&10993; â«±
&x2af1; â«±
&topf; ğ•¥
&120165; ğ•¥
&x1d565; ğ•¥
&topfork; â«š
&10970; â«š
&x2ada; â«š
&tosa; â¤©
&10537; â¤©
&x2929; â¤©
&tprime; â€´
&8244; â€´
&x2034; â€´
&trade; â„¢
&8482; â„¢
&x2122; â„¢
&triangle; â–µ
&9653; â–µ
&x25b5; â–µ
&triangledown; â–¿
&9663; â–¿
&x25bf; â–¿
&triangleleft; â—ƒ
&9667; â—ƒ
&x25c3; â—ƒ
&trianglelefteq; âŠ´
&8884; âŠ´
&x22b4; âŠ´
&triangleq; â‰œ
&8796; â‰œ
&x225c; â‰œ
&triangleright; â–¹
&9657; â–¹
&x25b9; â–¹
&trianglerighteq; âŠµ
&8885; âŠµ
&x22b5; âŠµ
&tridot; â—¬
&9708; â—¬
&x25ec; â—¬
&trie; â‰œ
&8796; â‰œ
&x225c; â‰œ
&triminus; â¨º
&10810; â¨º
&x2a3a; â¨º
&triplus; â¨¹
&10809; â¨¹
&x2a39; â¨¹
&trisb; â§
&10701; â§
&x29cd; â§
&tritime; â¨»
&10811; â¨»
&x2a3b; â¨»
&trpezium; â¢
&9186; â¢
&x23e2; â¢
&tscr; ğ“‰
&120009; ğ“‰
&x1d4c9; ğ“‰
&tscy; Ñ†
&1094; Ñ†
&x0446; Ñ†
&tshcy; Ñ›
&1115; Ñ›
&x045b; Ñ›
&tstrok; Å§
&359; Å§
&x0167; Å§
&twixt; â‰¬
&8812; â‰¬
&x226c; â‰¬
&twoheadleftarrow; â†
&8606; â†
&x219e; â†
&twoheadrightarrow; â† 
&8608; â† 
&x21a0; â† 
&uArr; â‡‘
&8657; â‡‘
&x21d1; â‡‘
&uHar; â¥£
&10595; â¥£
&x2963; â¥£
&uacute; Ãº
&250; Ãº
&xfa; Ãº
&x00fa; Ãº
&uarr; â†‘
&8593; â†‘
&x2191; â†‘
&ubrcy; Ñ
&1118; Ñ
&x045e; Ñ
&ubreve; Å­
&365; Å­
&x016d; Å­
&ucirc; Ã»
&251; Ã»
&xfb; Ã»
&x00fb; Ã»
&ucy; Ñƒ
&1091; Ñƒ
&x0443; Ñƒ
&udarr; â‡…
&8645; â‡…
&x21c5; â‡…
&udblac; Å±
&369; Å±
&x0171; Å±
&udhar; â¥®
&10606; â¥®
&x296e; â¥®
&ufisht; â¥¾
&10622; â¥¾
&x297e; â¥¾
&ufr; ğ”²
&120114; ğ”²
&x1d532; ğ”²
&ugrave; Ã¹
&249; Ã¹
&xf9; Ã¹
&x00f9; Ã¹
&uharl; â†¿
&8639; â†¿
&x21bf; â†¿
&uharr; â†¾
&8638; â†¾
&x21be; â†¾
&uhblk; â–€
&9600; â–€
&x2580; â–€
&ulcorn; âŒœ
&8988; âŒœ
&x231c; âŒœ
&ulcorner; âŒœ
&8988; âŒœ
&x231c; âŒœ
&ulcrop; âŒ
&8975; âŒ
&x230f; âŒ
&ultri; â—¸
&9720; â—¸
&x25f8; â—¸
&umacr; Å«
&363; Å«
&x016b; Å«
&uml; Â¨
&168; Â¨
&xa8; Â¨
&x00a8; Â¨
&uogon; Å³
&371; Å³
&x0173; Å³
&uopf; ğ•¦
&120166; ğ•¦
&x1d566; ğ•¦
&uparrow; â†‘
&8593; â†‘
&x2191; â†‘
&updownarrow; â†•
&8597; â†•
&x2195; â†•
&upharpoonleft; â†¿
&8639; â†¿
&x21bf; â†¿
&upharpoonright; â†¾
&8638; â†¾
&x21be; â†¾
&uplus; âŠ
&8846; âŠ
&x228e; âŠ
&upsi; Ï…
&965; Ï…
&x03c5; Ï…
&upsih; Ï’
&978; Ï’
&x03d2; Ï’
&upsilon; Ï…
&965; Ï…
&x03c5; Ï…
&upuparrows; â‡ˆ
&8648; â‡ˆ
&x21c8; â‡ˆ
&urcorn; âŒ
&8989; âŒ
&x231d; âŒ
&urcorner; âŒ
&8989; âŒ
&x231d; âŒ
&urcrop; âŒ
&8974; âŒ
&x230e; âŒ
&uring; Å¯
&367; Å¯
&x016f; Å¯
&urtri; â—¹
&9721; â—¹
&x25f9; â—¹
&uscr; ğ“Š
&120010; ğ“Š
&x1d4ca; ğ“Š
&utdot; â‹°
&8944; â‹°
&x22f0; â‹°
&utilde; Å©
&361; Å©
&x0169; Å©
&utri; â–µ
&9653; â–µ
&x25b5; â–µ
&utrif; â–´
&9652; â–´
&x25b4; â–´
&uuarr; â‡ˆ
&8648; â‡ˆ
&x21c8; â‡ˆ
&uuml; Ã¼
&252; Ã¼
&xfc; Ã¼
&x00fc; Ã¼
&uwangle; â¦§
&10663; â¦§
&x29a7; â¦§
&vArr; â‡•
&8661; â‡•
&x21d5; â‡•
&vBar; â«¨
&10984; â«¨
&x2ae8; â«¨
&vBarv; â«©
&10985; â«©
&x2ae9; â«©
&vDash; âŠ¨
&8872; âŠ¨
&x22a8; âŠ¨
&vangrt; â¦œ
&10652; â¦œ
&x299c; â¦œ
&varepsilon; Ïµ
&1013; Ïµ
&x03f5; Ïµ
&varkappa; Ï°
&1008; Ï°
&x03f0; Ï°
&varnothing; âˆ…
&8709; âˆ…
&x2205; âˆ…
&varphi; Ï•
&981; Ï•
&x03d5; Ï•
&varpi; Ï–
&982; Ï–
&x03d6; Ï–
&varpropto; âˆ
&8733; âˆ
&x221d; âˆ
&varr; â†•
&8597; â†•
&x2195; â†•
&varrho; Ï±
&1009; Ï±
&x03f1; Ï±
&varsigma; Ï‚
&962; Ï‚
&x03c2; Ï‚
&varsubsetneq; âŠŠï¸€
&8842; âŠŠï¸€
&x228a; âŠŠï¸€
&65024; âŠŠï¸€
&xfe00; âŠŠï¸€
&varsubsetneqq; â«‹ï¸€
&10955; â«‹ï¸€
&x2acb; â«‹ï¸€
&65024; â«‹ï¸€
&xfe00; â«‹ï¸€
&varsupsetneq; âŠ‹ï¸€
&8843; âŠ‹ï¸€
&x228b; âŠ‹ï¸€
&65024; âŠ‹ï¸€
&xfe00; âŠ‹ï¸€
&varsupsetneqq; â«Œï¸€
&10956; â«Œï¸€
&x2acc; â«Œï¸€
&65024; â«Œï¸€
&xfe00; â«Œï¸€
&vartheta; Ï‘
&977; Ï‘
&x03d1; Ï‘
&vartriangleleft; âŠ²
&8882; âŠ²
&x22b2; âŠ²
&vartriangleright; âŠ³
&8883; âŠ³
&x22b3; âŠ³
&vcy; Ğ²
&1074; Ğ²
&x0432; Ğ²
&vdash; âŠ¢
&8866; âŠ¢
&x22a2; âŠ¢
&vee; âˆ¨
&8744; âˆ¨
&x2228; âˆ¨
&veebar; âŠ»
&8891; âŠ»
&x22bb; âŠ»
&veeeq; â‰š
&8794; â‰š
&x225a; â‰š
&vellip; â‹®
&8942; â‹®
&x22ee; â‹®
&verbar; |
&124; |
&x7c; |
&x007c; |
&vert; |
&124; |
&x7c; |
&x007c; |
&vfr; ğ”³
&120115; ğ”³
&x1d533; ğ”³
&vltri; âŠ²
&8882; âŠ²
&x22b2; âŠ²
&vnsub; âŠ‚âƒ’
&8834; âŠ‚âƒ’
&x2282; âŠ‚âƒ’
&8402; âŠ‚âƒ’
&x20d2; âŠ‚âƒ’
&vnsup; âŠƒâƒ’
&8835; âŠƒâƒ’
&x2283; âŠƒâƒ’
&8402; âŠƒâƒ’
&x20d2; âŠƒâƒ’
&vopf; ğ•§
&120167; ğ•§
&x1d567; ğ•§
&vprop; âˆ
&8733; âˆ
&x221d; âˆ
&vrtri; âŠ³
&8883; âŠ³
&x22b3; âŠ³
&vscr; ğ“‹
&120011; ğ“‹
&x1d4cb; ğ“‹
&vsubnE; â«‹ï¸€
&10955; â«‹ï¸€
&x2acb; â«‹ï¸€
&65024; â«‹ï¸€
&xfe00; â«‹ï¸€
&vsubne; âŠŠï¸€
&8842; âŠŠï¸€
&x228a; âŠŠï¸€
&65024; âŠŠï¸€
&xfe00; âŠŠï¸€
&vsupnE; â«Œï¸€
&10956; â«Œï¸€
&x2acc; â«Œï¸€
&65024; â«Œï¸€
&xfe00; â«Œï¸€
&vsupne; âŠ‹ï¸€
&8843; âŠ‹ï¸€
&x228b; âŠ‹ï¸€
&65024; âŠ‹ï¸€
&xfe00; âŠ‹ï¸€
&vzigzag; â¦š
&10650; â¦š
&x299a; â¦š
&wcirc; Åµ
&373; Åµ
&x0175; Åµ
&wedbar; â©Ÿ
&10847; â©Ÿ
&x2a5f; â©Ÿ
&wedge; âˆ§
&8743; âˆ§
&x2227; âˆ§
&wedgeq; â‰™
&8793; â‰™
&x2259; â‰™
&weierp; â„˜
&8472; â„˜
&x2118; â„˜
&wfr; ğ”´
&120116; ğ”´
&x1d534; ğ”´
&wopf; ğ•¨
&120168; ğ•¨
&x1d568; ğ•¨
&wp; â„˜
&8472; â„˜
&x2118; â„˜
&wr; â‰€
&8768; â‰€
&x2240; â‰€
&wreath; â‰€
&8768; â‰€
&x2240; â‰€
&wscr; ğ“Œ
&120012; ğ“Œ
&x1d4cc; ğ“Œ
&xcap; â‹‚
&8898; â‹‚
&x22c2; â‹‚
&xcirc; â—¯
&9711; â—¯
&x25ef; â—¯
&xcup; â‹ƒ
&8899; â‹ƒ
&x22c3; â‹ƒ
&xdtri; â–½
&9661; â–½
&x25bd; â–½
&xfr; ğ”µ
&120117; ğ”µ
&x1d535; ğ”µ
&xhArr; âŸº
&10234; âŸº
&x27fa; âŸº
&xharr; âŸ·
&10231; âŸ·
&x27f7; âŸ·
&xi; Î¾
&958; Î¾
&x03be; Î¾
&xlArr; âŸ¸
&10232; âŸ¸
&x27f8; âŸ¸
&xlarr; âŸµ
&10229; âŸµ
&x27f5; âŸµ
&xmap; âŸ¼
&10236; âŸ¼
&x27fc; âŸ¼
&xnis; â‹»
&8955; â‹»
&x22fb; â‹»
&xodot; â¨€
&10752; â¨€
&x2a00; â¨€
&xopf; ğ•©
&120169; ğ•©
&x1d569; ğ•©
&xoplus; â¨
&10753; â¨
&x2a01; â¨
&xotime; â¨‚
&10754; â¨‚
&x2a02; â¨‚
&xrArr; âŸ¹
&10233; âŸ¹
&x27f9; âŸ¹
&xrarr; âŸ¶
&10230; âŸ¶
&x27f6; âŸ¶
&xscr; ğ“
&120013; ğ“
&x1d4cd; ğ“
&xsqcup; â¨†
&10758; â¨†
&x2a06; â¨†
&xuplus; â¨„
&10756; â¨„
&x2a04; â¨„
&xutri; â–³
&9651; â–³
&x25b3; â–³
&xvee; â‹
&8897; â‹
&x22c1; â‹
&xwedge; â‹€
&8896; â‹€
&x22c0; â‹€
&yacute; Ã½
&253; Ã½
&xfd; Ã½
&x00fd; Ã½
&yacy; Ñ
&1103; Ñ
&x044f; Ñ
&ycirc; Å·
&375; Å·
&x0177; Å·
&ycy; Ñ‹
&1099; Ñ‹
&x044b; Ñ‹
&yen; Â¥
&165; Â¥
&xa5; Â¥
&x00a5; Â¥
&yfr; ğ”¶
&120118; ğ”¶
&x1d536; ğ”¶
&yicy; Ñ—
&1111; Ñ—
&x0457; Ñ—
&yopf; ğ•ª
&120170; ğ•ª
&x1d56a; ğ•ª
&yscr; ğ“
&120014; ğ“
&x1d4ce; ğ“
&yucy; Ñ
&1102; Ñ
&x044e; Ñ
&yuml; Ã¿
&255; Ã¿
&xff; Ã¿
&x00ff; Ã¿
&zacute; Åº
&378; Åº
&x017a; Åº
&zcaron; Å¾
&382; Å¾
&x017e; Å¾
&zcy; Ğ·
&1079; Ğ·
&x0437; Ğ·
&zdot; Å¼
&380; Å¼
&x017c; Å¼
&zeetrf; â„¨
&8488; â„¨
&x2128; â„¨
&zeta; Î¶
&950; Î¶
&x03b6; Î¶
&zfr; ğ”·
&120119; ğ”·
&x1d537; ğ”·
&zhcy; Ğ¶
&1078; Ğ¶
&x0436; Ğ¶
&zigrarr; â‡
&8669; â‡
&x21dd; â‡
&zopf; ğ•«
&120171; ğ•«
&x1d56b; ğ•«
&zscr; ğ“
&120015; ğ“
&x1d4cf; ğ“
&zwj; â€
&8205; â€
&x200d; â€
&zwnj; â€Œ
&8204; â€Œ
&x200c; â€Œ
