Egypte;Êgypte
Erythrée;Êrythrée
Etienne;Êtienne
Evian;Êvian

A-côté;à-côté
A-côtés;à-côtés
A-coup;à-coup
A-coups;à-coups
A-dieu-vat;à-dieu-vat
A-peu-près;à-peu-près
A-pic;à-pic
A-pics;à-pics
A-plat;à-plat
A-plats;à-plats
A-propos;à-propos
A-valoir;à-valoir
Acre;âcre
Acrement;âcrement
Acres;âcres
Acreté;âcreté
Age;âge
Agé;âgé
Agée;âgée
Agées;âgées
Ages;âges
Ages;âges
Agés;âgés
Agisme;âgisme
Ame-soeur;âme-soeur
Ame-sœur;âme-sœur
Ame;âme
Ames;âmes
Ane;âne
Anerie;ânerie
Aneries;âneries
Anes;ânes
Anesse;ânesse
Anesses;ânesses
Anier;ânier
Anon;ânon
Anonna;ânonna
Anonnaient;ânonnaient
Anonnait;ânonnait
Anonnant;ânonnant
Anonne;ânonne
Anonnement;ânonnement
Anonnements;ânonnements
Anonner;ânonner
Anonnés;ânonnés
Anonnions;ânonnions
Anons;ânons
Apre;âpre
Aprement;âprement
Apres;âpres
Apreté;âpreté
Apretés;âpretés
Atre;âtre
Atres;âtres
Ca;ça
Ca;ça
Cà;çà
é
Ebahi;ébahi
Ebahi;ébahi
Ebahie;ébahie
Ebahie;ébahie
Ebahies;ébahies
Ebahir;ébahir
Ebahirons;ébahirons
Ebahis;ébahis
Ebahis;ébahis
Ebahissait;ébahissait
Ebahissant;ébahissant
Ebahissement;ébahissement
Ebahissent;ébahissent
Ebahissons;ébahissons
Ebahit;ébahit
Ebarbage;ébarbage
Ebarbait;ébarbait
Ebarbé;ébarbé
Ebarber;ébarber
Ebat;ébat
Ebats;ébats
Ebattaient;ébattaient
Ebattait;ébattait
Ebattant;ébattant
Ebattements;ébattements
Ebattent;ébattent
Ebattit;ébattit
Ebattît;ébattît
Ebattons;ébattons
Ebattre;ébattre
Ebaubi;ébaubi
Ebaubi;ébaubi
Ebaubie;ébaubie
Ebaubie;ébaubie
Ebaubis;ébaubis
Ebaubissaient;ébaubissaient
Ebaucha;ébaucha
Ebauchai;ébauchai
Ebauchaient;ébauchaient
Ebauchais;ébauchais
Ebauchait;ébauchait
Ebauchant;ébauchant
Ebauchât;ébauchât
Ebauche;ébauche
Ebauche;ébauche
Ebauché;ébauché
Ebauché;ébauché
Ebauchée;ébauchée
Ebauchée;ébauchée
Ebauchées;ébauchées
Ebauchent;ébauchent
Ebaucher;ébaucher
Ebauchèrent;ébauchèrent
Ebauches;ébauches
Ebauchés;ébauchés
Ebaucheurs;ébaucheurs
Ebauchons;ébauchons
Ebauchons;ébauchons
Ebaudi;ébaudi
Ebène;ébène
Ebène;ébène
Ebéniste;ébéniste
Ebénisterie;ébénisterie
Ebénisteries;ébénisteries
Ebénistes;ébénistes
Eberlua;éberlua
Eberluait;éberluait
Eberlue;éberlue
Eberlué;éberlué
Eberlué;éberlué
Eberluée;éberluée
Eberluée;éberluée
Eberluées;éberluées
Eberluer;éberluer
Eberlués;éberlués
Eberlués;éberlués
Ebloui;ébloui
Ebloui;ébloui
Eblouie;éblouie
Eblouie;éblouie
Eblouies;éblouies
Eblouies;éblouies
Eblouir;éblouir
Eblouira;éblouira
Eblouirai;éblouirai
Eblouirait;éblouirait
Eblouirent;éblouirent
Eblouirez;éblouirez
Eblouis;éblouis
Eblouis;éblouis
Eblouissaient;éblouissaient
Eblouissait;éblouissait
Eblouissant;éblouissant
Eblouissant;éblouissant
Eblouissante;éblouissante
Eblouissantes;éblouissantes
Eblouissants;éblouissants
Eblouisse;éblouisse
Eblouissement;éblouissement
Eblouissements;éblouissements
Eblouissent;éblouissent
Eblouisses;éblouisses
Eblouissez;éblouissez
Eblouissions;éblouissions
Eblouit;éblouit
Ebonite;ébonite
Eborgna;éborgna
Eborgne;éborgne
Eborgné;éborgné
Eborgner;éborgner
Eboué;éboué
Eboueur;éboueur
Eboueurs;éboueurs
Ebouillanta;ébouillanta
Ebouillante;ébouillante
Ebouillanté;ébouillanté
Ebouillanté;ébouillanté
Ebouillantée;ébouillantée
Ebouillantée;ébouillantée
Ebouillantées;ébouillantées
Ebouillanter;ébouillanter
Ebouillantés;ébouillantés
Ebouillantés;ébouillantés
Eboula;éboula
Eboulaient;éboulaient
Eboulait;éboulait
Eboulant;éboulant
Eboule;éboule
Eboulé;éboulé
Eboulée;éboulée
Eboulées;éboulées
Eboulement;éboulement
Eboulements;éboulements
Eboulent;éboulent
Ebouler;ébouler
Eboulèrent;éboulèrent
Eboulés;éboulés
Ebouleuses;ébouleuses
Eboulis;éboulis
Ebouriffa;ébouriffa
Ebouriffaient;ébouriffaient
Ebouriffait;ébouriffait
Ebouriffant;ébouriffant
Ebouriffant;ébouriffant
Ebouriffante;ébouriffante
Ebouriffe;ébouriffe
Ebouriffé;ébouriffé
Ebouriffé;ébouriffé
Ebouriffée;ébouriffée
Ebouriffée;ébouriffée
Ebouriffées;ébouriffées
Ebouriffées;ébouriffées
Ebouriffent;ébouriffent
Ebouriffer;ébouriffer
Ebouriffés;ébouriffés
Ebouriffés;ébouriffés
Ebouser;ébouser
Ebouzé;ébouzé
Ebouzer;ébouzer
Ebrancha;ébrancha
Ebranchait;ébranchait
Ebranchant;ébranchant
Ebranché;ébranché
Ebranchement;ébranchement
Ebrancher;ébrancher
Ebrancherez;ébrancherez
Ebranchés;ébranchés
Ebranla;ébranla
Ebranlaient;ébranlaient
Ebranlait;ébranlait
Ebranlant;ébranlant
Ebranlât;ébranlât
Ebranle;ébranle
Ebranlé;ébranlé
Ebranlée;ébranlée
Ebranlées;ébranlées
Ebranlement;ébranlement
Ebranlements;ébranlements
Ebranlent;ébranlent
Ebranler;ébranler
Ebranlera;ébranlera
Ebranlerai;ébranlerai
Ebranleraient;ébranleraient
Ebranlerais;ébranlerais
Ebranlerait;ébranlerait
Ebranlèrent;ébranlèrent
Ebranlés;ébranlés
Ebréchaient;ébréchaient
Ebréché;ébréché
Ebréché;ébréché
Ebrèche;ébrèche
Ebréchée;ébréchée
Ebréchée;ébréchée
Ebréchées;ébréchées
Ebréchées;ébréchées
Ebrécher;ébrécher
Ebréchés;ébréchés
Ebréchés;ébréchés
Ebréchure;ébréchure
Ebréchures;ébréchures
Ebriété;ébriété
Ebroua;ébroua
Ebrouaient;ébrouaient
Ebrouais;ébrouais
Ebrouait;ébrouait
Ebrouant;ébrouant
Ebroue;ébroue
Ebroué;ébroué
Ebrouement;ébrouement
Ebrouent;ébrouent
Ebrouer;ébrouer
Ebrouèrent;ébrouèrent
Ebruita;ébruita
Ebruitât;ébruitât
Ebruite;ébruite
Ebruité;ébruité
Ebruitée;ébruitée
Ebruitent;ébruitent
Ebruiter;ébruiter
Ebruitera;ébruitera
Ebruiterait;ébruiterait
Ebruitez;ébruitez
Ebruitons;ébruitons
Ebullition;ébullition
Ecaillage;écaillage
Ecaillaient;écaillaient
Ecaillait;écaillait
Ecaillant;écaillant
Ecaille;écaille
Ecaille;écaille
Ecaillé;écaillé
Ecaillé;écaillé
Ecaillée;écaillée
Ecaillée;écaillée
Ecaillées;écaillées
Ecaillées;écaillées
Ecaillent;écaillent
Ecailler;écailler
Ecailler;écailler
Ecaillera;écaillera
Ecaillerai;écaillerai
Ecaillère;écaillère
Ecaillers;écaillers
Ecailles;écailles
Ecailles;écailles
Ecaillés;écaillés
Ecaillés;écaillés
Ecailleur;écailleur
Ecailleuse;écailleuse
Ecailleuses;écailleuses
Ecailleux;écailleux
Ecaillure;écaillure
Ecaillures;écaillures
Ecalait;écalait
Ecale;écale
Ecaler;écaler
Ecales;écales
Ecarlate;écarlate
Ecarlate;écarlate
Ecarlates;écarlates
Ecarquilla;écarquilla
Ecarquillai;écarquillai
Ecarquillaient;écarquillaient
Ecarquillais;écarquillais
Ecarquillait;écarquillait
Ecarquillant;écarquillant
Ecarquille;écarquille
Ecarquillé;écarquillé
Ecarquillée;écarquillée
Ecarquillées;écarquillées
Ecarquillement;écarquillement
Ecarquillent;écarquillent
Ecarquiller;écarquiller
Ecarquillèrent;écarquillèrent
Ecarquillés;écarquillés
Ecarquillez;écarquillez
Ecarquillions;écarquillions
Ecart;écart
Ecarta;écarta
Ecartai;écartai
Ecartaient;écartaient
Ecartais;écartais
Ecartait;écartait
Ecartâmes;écartâmes
Ecartant;écartant
Ecartât;écartât
Ecarte;écarte
Ecarté;écarté
Ecarté;écarté
Ecarté;écarté
Ecartée;écartée
Ecartée;écartée
Ecartées;écartées
Ecartées;écartées
Ecartela;écartela
Ecartelaient;écartelaient
Ecartelait;écartelait
Ecartelant;écartelant
Ecartelé;écartelé
Ecartelé;écartelé
Ecartelé;écartelé
Ecartèle;écartèle
Ecartelée;écartelée
Ecartelée;écartelée
Ecartelées;écartelées
Ecartelées;écartelées
Ecartèlement;écartèlement
Ecartèlements;écartèlements
Ecartèlent;écartèlent
Ecarteler;écarteler
Ecartèleront;écartèleront
Ecartelés;écartelés
Ecartelés;écartelés
Ecartelés;écartelés
Ecartement;écartement
Ecartements;écartements
Ecartent;écartent
Ecarter;écarter
Ecartera;écartera
Ecarteraient;écarteraient
Ecarterait;écarterait
Ecarteras;écarteras
Ecartèrent;écartèrent
Ecarterez;écarterez
Ecarteront;écarteront
Ecartes;écartes
Ecartés;écartés
Ecartés;écartés
Ecartés;écartés
Ecarteur;écarteur
Ecartez;écartez
Ecartions;écartions
Ecartons;écartons
Ecarts;écarts
Ecervelé;écervelé
Ecervelé;écervelé
Ecervelée;écervelée
Ecervelée;écervelée
Ecervelées;écervelées
Ecervelées;écervelées
Ecervelés;écervelés
Ecervelés;écervelés
Echafaud;échafaud
Echafauda;échafauda
Echafaudage;échafaudage
Echafaudages;échafaudages
Echafaudaient;échafaudaient
Echafaudais;échafaudais
Echafaudait;échafaudait
Echafaudant;échafaudant
Echafaude;échafaude
Echafaudé;échafaudé
Echafaudées;échafaudées
Echafaudent;échafaudent
Echafauder;échafauder
Echafaudèrent;échafaudèrent
Echafaudés;échafaudés
Echafaudons;échafaudons
Echafauds;échafauds
Echalas;échalas
Echalier;échalier
Echaliers;échaliers
Echalote;échalote
Echalotes;échalotes
Echancraient;échancraient
Echancre;échancre
Echancré;échancré
Echancré;échancré
Echancrée;échancrée
Echancrée;échancrée
Echancrées;échancrées
Echancrer;échancrer
Echancrés;échancrés
Echancrure;échancrure
Echancrures;échancrures
Echange;échange
Echange;échange
Echangé;échangé
Echangea;échangea
Echangeables;échangeables
Echangeai;échangeai
Echangeaient;échangeaient
Echangeais;échangeais
Echangeait;échangeait
Echangeâmes;échangeâmes
Echangeant;échangeant
Echangée;échangée
Echangées;échangées
Echangent;échangent
Echangeons;échangeons
Echanger;échanger
Echangera;échangera
Echangerai;échangerai
Echangeraient;échangeraient
Echangerais;échangerais
Echangerait;échangerait
Echangeras;échangeras
Echangèrent;échangèrent
Echangerez;échangerez
Echangeriez;échangeriez
Echangerions;échangerions
Echangerons;échangerons
Echangeront;échangeront
Echanges;échanges
Echanges;échanges
Echangés;échangés
Echangeur;échangeur
Echangeurs;échangeurs
Echangez;échangez
Echangiez;échangiez
Echangions;échangions
Echangisme;échangisme
Echangiste;échangiste
Echangistes;échangistes
Echanson;échanson
Echansons;échansons
Echantillon;échantillon
Echantillonnage;échantillonnage
Echantillonne;échantillonne
Echantillons;échantillons
Echappa;échappa
Echappai;échappai
Echappaient;échappaient
Echappais;échappais
Echappait;échappait
Echappâmes;échappâmes
Echappant;échappant
Echappât;échappât
Echappatoire;échappatoire
Echappatoires;échappatoires
Echappe;échappe
Echappé;échappé
Echappé;échappé
Echappé;échappé
Echappée;échappée
Echappée;échappée
Echappée;échappée
Echappées;échappées
Echappées;échappées
Echappées;échappées
Echappement;échappement
Echappements;échappements
Echappent;échappent
Echapper;échapper
Echappera;échappera
Echapperai;échapperai
Echapperaient;échapperaient
Echapperais;échapperais
Echapperait;échapperait
Echapperas;échapperas
Echappèrent;échappèrent
Echapperez;échapperez
Echapperiez;échapperiez
Echapperions;échapperions
Echapperons;échapperons
Echapperont;échapperont
Echappes;échappes
Echappés;échappés
Echappés;échappés
Echappés;échappés
Echappez;échappez
Echappiez;échappiez
Echappions;échappions
Echappons;échappons
Echarde;écharde
Echardes;échardes
Echarnait;écharnait
Echarner;écharner
Echarpe;écharpe
Echarpe;écharpe
Echarpé;écharpé
Echarpée;écharpée
Echarpent;écharpent
Echarper;écharper
Echarperaient;écharperaient
Echarpes;écharpes
Echarpes;écharpes
Echasse;échasse
Echasses;échasses
Echassier;échassier
Echassière;échassière
Echassières;échassières
Echassiers;échassiers
Echaudé;échaudé
Echaudé;échaudé
Echaudé;échaudé
Echaudée;échaudée
Echauder;échauder
Echauderont;échauderont
Echaudés;échaudés
Echaudés;échaudés
Echauffa;échauffa
Echauffaient;échauffaient
Echauffais;échauffais
Echauffait;échauffait
Echauffant;échauffant
Echauffe;échauffe
Echauffé;échauffé
Echauffée;échauffée
Echauffées;échauffées
Echauffement;échauffement
Echauffements;échauffements
Echauffent;échauffent
Echauffer;échauffer
Echauffés;échauffés
Echauffez;échauffez
Echauffons;échauffons
Echauffourée;échauffourée
Echauffourées;échauffourées
Echauguette;échauguette
Echauguettes;échauguettes
Echéance;échéance
Echéances;échéances
Echéancier;échéancier
Echéant;échéant
Echec;échec
Echecs;échecs
Echelle;échelle
Echelles;échelles
Echelon;échelon
Echelonnaient;échelonnaient
Echelonnait;échelonnait
Echelonnant;échelonnant
Echelonne;échelonne
Echelonné;échelonné
Echelonnée;échelonnée
Echelonnées;échelonnées
Echelonnent;échelonnent
Echelonner;échelonner
Echelonnerons;échelonnerons
Echelonnés;échelonnés
Echelons;échelons
Echer;écher
Echeveau;écheveau
Echeveaux;écheveaux
Echevelait;échevelait
Echevelant;échevelant
Echevelé;échevelé
Echevelé;échevelé
Echevelée;échevelée
Echevelée;échevelée
Echevelées;échevelées
Echevelées;échevelées
Echeveler;écheveler
Echevelés;échevelés
Echevelés;échevelés
Echevellement;échevellement
Echevin;échevin
Echevins;échevins
Echina;échina
Echinaient;échinaient
Echinais;échinais
Echinait;échinait
Echinant;échinant
Echine;échine
Echine;échine
Echiné;échiné
Echinée;échinée
Echinent;échinent
Echiner;échiner
Echines;échines
Echines;échines
Echinodermes;échinodermes
Echiquier;échiquier
Echiquiers;échiquiers
Echo;écho
Echocardiogramme;échocardiogramme
Echocardiographie;échocardiographie
Echographie;échographie
Echographier;échographier
Echographiste;échographiste
Echoir;échoir
Echoirait;échoirait
Echoit;échoit
Echolocalisation;écholocalisation
Echolocation;écholocation
Echoppe;échoppe
Echoppes;échoppes
Echos-radars;échos-radars
Echos;échos
Echotier;échotier
Echotière;échotière
Echotiers;échotiers
Echoua;échoua
Echouage;échouage
Echouages;échouages
Echouai;échouai
Echouaient;échouaient
Echouais;échouais
Echouait;échouait
Echouâmes;échouâmes
Echouant;échouant
Echouât;échouât
Echoue;échoue
Echoué;échoué
Echouée;échouée
Echouées;échouées
Echouement;échouement
Echouent;échouent
Echouer;échouer
Echouera;échouera
Echouerai;échouerai
Echoueraient;échoueraient
Echouerais;échouerais
Echouerait;échouerait
Echoueras;échoueras
Echouèrent;échouèrent
Echouerez;échouerez
Echouerons;échouerons
Echoueront;échoueront
Echoués;échoués
Echouez;échouez
Echouiez;échouiez
Echouions;échouions
Echouons;échouons
Echu;échu
Echue;échue
Echues;échues
Echut;échut
Echût;échût
Eclaboussa;éclaboussa
Eclaboussaient;éclaboussaient
Eclaboussait;éclaboussait
Eclaboussant;éclaboussant
Eclaboussant;éclaboussant
Eclaboussante;éclaboussante
Eclaboussantes;éclaboussantes
Eclaboussants;éclaboussants
Eclabousse;éclabousse
Eclaboussé;éclaboussé
Eclaboussée;éclaboussée
Eclaboussées;éclaboussées
Eclaboussement;éclaboussement
Eclaboussements;éclaboussements
Eclaboussent;éclaboussent
Eclabousser;éclabousser
Eclaboussera;éclaboussera
Eclaboussèrent;éclaboussèrent
Eclabousses;éclabousses
Eclaboussés;éclaboussés
Eclaboussez;éclaboussez
Eclaboussure;éclaboussure
Eclaboussures;éclaboussures
Eclair;éclair
Eclair;éclair
Eclaira;éclaira
Eclairage;éclairage
Eclairages;éclairages
Eclairagiste;éclairagiste
Eclairagistes;éclairagistes
Eclairai;éclairai
Eclairaient;éclairaient
Eclairais;éclairais
Eclairait;éclairait
Eclairant;éclairant
Eclairant;éclairant
Eclairante;éclairante
Eclairantes;éclairantes
Eclairants;éclairants
Eclairât;éclairât
Eclairci;éclairci
Eclaircie;éclaircie
Eclaircie;éclaircie
Eclaircies;éclaircies
Eclaircies;éclaircies
Eclaircir;éclaircir
Eclaircira;éclaircira
Eclaircirai;éclaircirai
Eclaircirait;éclaircirait
Eclairciras;éclairciras
Eclaircirez;éclaircirez
Eclaircirons;éclaircirons
Eclairciront;éclairciront
Eclaircis;éclaircis
Eclaircissage;éclaircissage
Eclaircissaient;éclaircissaient
Eclaircissait;éclaircissait
Eclaircissant;éclaircissant
Eclaircisse;éclaircisse
Eclaircissement;éclaircissement
Eclaircissements;éclaircissements
Eclaircissent;éclaircissent
Eclaircissez;éclaircissez
Eclaircissons;éclaircissons
Eclaircit;éclaircit
Eclaire;éclaire
Eclaire;éclaire
Eclairé;éclairé
Eclairé;éclairé
Eclairée;éclairée
Eclairée;éclairée
Eclairées;éclairées
Eclairées;éclairées
Eclairement;éclairement
Eclairent;éclairent
Eclairer;éclairer
Eclairera;éclairera
Eclaireraient;éclaireraient
Eclairerait;éclairerait
Eclairèrent;éclairèrent
Eclaireront;éclaireront
Eclaires;éclaires
Eclaires;éclaires
Eclairés;éclairés
Eclairés;éclairés
Eclaireur;éclaireur
Eclaireurs;éclaireurs
Eclaireuse;éclaireuse
Eclaireuses;éclaireuses
Eclairez;éclairez
Eclairiez;éclairiez
Eclairons;éclairons
Eclairs;éclairs
Eclampsie;éclampsie
Eclamptique;éclamptique
Eclat;éclat
Eclata;éclata
Eclatage;éclatage
Eclatai;éclatai
Eclataient;éclataient
Eclatais;éclatais
Eclatait;éclatait
Eclatant;éclatant
Eclatant;éclatant
Eclatante;éclatante
Eclatantes;éclatantes
Eclatants;éclatants
Eclatât;éclatât
Eclate;éclate
Eclaté;éclaté
Eclaté;éclaté
Eclaté;éclaté
Eclatée;éclatée
Eclatée;éclatée
Eclatées;éclatées
Eclatées;éclatées
Eclatement;éclatement
Eclatements;éclatements
Eclatent;éclatent
Eclater;éclater
Eclatera;éclatera
Eclaterai;éclaterai
Eclateraient;éclateraient
Eclaterais;éclaterais
Eclaterait;éclaterait
Eclateras;éclateras
Eclatèrent;éclatèrent
Eclateriez;éclateriez
Eclateront;éclateront
Eclates;éclates
Eclatés;éclatés
Eclatés;éclatés
Eclatés;éclatés
Eclateurs;éclateurs
Eclatez;éclatez
Eclatiez;éclatiez
Eclatons;éclatons
Eclats;éclats
Eclectique;éclectique
Eclectique;éclectique
Eclectiques;éclectiques
Eclectisme;éclectisme
Eclipsa;éclipsa
Eclipsai;éclipsai
Eclipsaient;éclipsaient
Eclipsait;éclipsait
Eclipsant;éclipsant
Eclipse;éclipse
Eclipse;éclipse
Eclipsé;éclipsé
Eclipsée;éclipsée
Eclipsées;éclipsées
Eclipsent;éclipsent
Eclipser;éclipser
Eclipsera;éclipsera
Eclipserais;éclipserais
Eclipserait;éclipserait
Eclipsèrent;éclipsèrent
Eclipses;éclipses
Eclipses;éclipses
Eclipsés;éclipsés
Eclipsez;éclipsez
Eclipsions;éclipsions
Ecliptique;écliptique
Eclisse;éclisse
Eclisses;éclisses
Eclopait;éclopait
Eclopé;éclopé
Eclopé;éclopé
Eclopé;éclopé
Eclopée;éclopée
Eclopée;éclopée
Ecloper;écloper
Eclopés;éclopés
Eclopés;éclopés
Eclopés;éclopés
Eclore;éclore
Eclos;éclos
Eclose;éclose
Eclose;éclose
Ecloses;écloses
Eclosion;éclosion
Eclosions;éclosions
Eclusa;éclusa
Eclusaient;éclusaient
Eclusais;éclusais
Eclusait;éclusait
Eclusant;éclusant
Ecluse;écluse
Ecluse;écluse
Eclusé;éclusé
Eclusée;éclusée
Eclusées;éclusées
Eclusent;éclusent
Ecluser;écluser
Ecluses;écluses
Eclusier;éclusier
Eclusier;éclusier
Eclusiers;éclusiers
Ecoeura;écoeura
Ecœura;écœura
Ecoeuraient;écoeuraient
Ecœuraient;écœuraient
Ecoeurais;écoeurais
Ecœurais;écœurais
Ecoeurait;écoeurait
Ecœurait;écœurait
Ecoeurant;écoeurant
Ecoeurant;écoeurant
Ecœurant;écœurant
Ecœurant;écœurant
Ecoeurante;écoeurante
Ecœurante;écœurante
Ecoeurantes;écoeurantes
Ecœurantes;écœurantes
Ecoeurants;écoeurants
Ecœurants;écœurants
Ecoeure;écoeure
Ecoeuré;écoeuré
Ecoeuré;écoeuré
Ecœure;écœure
Ecœuré;écœuré
Ecœuré;écœuré
Ecoeurée;écoeurée
Ecoeurée;écoeurée
Ecœurée;écœurée
Ecœurée;écœurée
Ecoeurées;écoeurées
Ecœurées;écœurées
Ecoeurement;écoeurement
Ecœurement;écœurement
Ecoeurements;écoeurements
Ecœurements;écœurements
Ecoeurent;écoeurent
Ecœurent;écœurent
Ecoeurer;écoeurer
Ecœurer;écœurer
Ecoeurerais;écoeurerais
Ecœurerais;écœurerais
Ecoeurèrent;écoeurèrent
Ecœurèrent;écœurèrent
Ecoeurés;écoeurés
Ecoeurés;écoeurés
Ecœurés;écœurés
Ecœurés;écœurés
Ecoeurez;écoeurez
Ecœurez;écœurez
Ecoinçon;écoinçon
Ecole;école
Ecoles;écoles
Ecolier;écolier
Ecolière;écolière
Ecolières;écolières
Ecoliers;écoliers
Ecolo;écolo
Ecologie;écologie
Ecologique;écologique
Ecologiquement;écologiquement
Ecologiques;écologiques
Ecologiste;écologiste
Ecologiste;écologiste
Ecologistes;écologistes
Ecologistes;écologistes
Ecolos;écolos
Econduira;éconduira
Econduire;éconduire
Econduis;éconduis
Econduisirent;éconduisirent
Econduisit;éconduisit
Econduit;éconduit
Econduite;éconduite
Econduits;éconduits
Econocroques;éconocroques
Economat;économat
Econome;économe
Econome;économe
Economes;économes
Economes;économes
Economie;économie
Economies;économies
Economique;économique
Economique;économique
Economiquement;économiquement
Economiques;économiques
Economiques;économiques
Economisaient;économisaient
Economisais;économisais
Economisait;économisait
Economisant;économisant
Economise;économise
Economisé;économisé
Economisée;économisée
Economisées;économisées
Economisent;économisent
Economiser;économiser
Economisera;économisera
Economiserai;économiserai
Economiserais;économiserais
Economiserait;économiserait
Economiserez;économiserez
Economiserons;économiserons
Economiseront;économiseront
Economisés;économisés
Economiseur;économiseur
Economiseurs;économiseurs
Economisez;économisez
Economisme;économisme
Economisons;économisons
Economiste;économiste
Economistes;économistes
Ecopa;écopa
Ecopai;écopai
Ecopais;écopais
Ecopait;écopait
Ecope;écope
Ecope;écope
Ecopé;écopé
Ecopée;écopée
Ecopent;écopent
Ecoper;écoper
Ecopera;écopera
Ecoperai;écoperai
Ecoperait;écoperait
Ecoperas;écoperas
Ecoperches;écoperches
Ecoperez;écoperez
Ecoperont;écoperont
Ecopes;écopes
Ecopes;écopes
Ecopez;écopez
Ecopiez;écopiez
Ecopons;écopons
Ecorce;écorce
Ecorce;écorce
Ecorcé;écorcé
Ecorcé;écorcé
Ecorcer;écorcer
Ecorces;écorces
Ecorcés;écorcés
Ecorcha;écorcha
Ecorchage;écorchage
Ecorchaient;écorchaient
Ecorchais;écorchais
Ecorchait;écorchait
Ecorchant;écorchant
Ecorche;écorche
Ecorché;écorché
Ecorché;écorché
Ecorché;écorché
Ecorchée;écorchée
Ecorchée;écorchée
Ecorchée;écorchée
Ecorchées;écorchées
Ecorchées;écorchées
Ecorchées;écorchées
Ecorchement;écorchement
Ecorchent;écorchent
Ecorcher;écorcher
Ecorchera;écorchera
Ecorcherai;écorcherai
Ecorcherais;écorcherais
Ecorcherait;écorcherait
Ecorcherie;écorcherie
Ecorcheront;écorcheront
Ecorchés;écorchés
Ecorchés;écorchés
Ecorchés;écorchés
Ecorcheur;écorcheur
Ecorcheurs;écorcheurs
Ecorchez;écorchez
Ecorchiez;écorchiez
Ecorchions;écorchions
Ecorchure;écorchure
Ecorchures;écorchures
Ecornait;écornait
Ecorné;écorné
Ecorné;écorné
Ecornée;écornée
Ecornée;écornée
Ecornées;écornées
Ecornées;écornées
Ecornent;écornent
Ecorner;écorner
Ecornés;écornés
Ecornés;écornés
Ecornifler;écornifler
Ecosphère;écosphère
Ecossa;écossa
Ecossaient;écossaient
Ecossais;écossais
Ecossais;écossais
Ecossais;écossais
Ecossaise;écossaise
Ecossaise;écossaise
Ecossaises;écossaises
Ecossaises;écossaises
Ecossait;écossait
Ecossant;écossant
Ecosse;écosse
Ecosse;écosse
Ecossé;écossé
Ecossent;écossent
Ecosser;écosser
Ecossés;écossés
Ecosystème;écosystème
Ecosystèmes;écosystèmes
Ecot;écot
Ecotone;écotone
Ecoula;écoula
Ecoulaient;écoulaient
Ecoulait;écoulait
Ecoulant;écoulant
Ecoulât;écoulât
Ecoule;écoule
Ecoulé;écoulé
Ecoulé;écoulé
Ecoulée;écoulée
Ecoulée;écoulée
Ecoulées;écoulées
Ecoulées;écoulées
Ecoulement;écoulement
Ecoulements;écoulements
Ecoulent;écoulent
Ecouler;écouler
Ecoulera;écoulera
Ecouleraient;écouleraient
Ecoulerait;écoulerait
Ecoulèrent;écoulèrent
Ecouleront;écouleront
Ecoulés;écoulés
Ecoulés;écoulés
Ecourta;écourta
Ecourtaient;écourtaient
Ecourtais;écourtais
Ecourtant;écourtant
Ecourte;écourte
Ecourté;écourté
Ecourté;écourté
Ecourtée;écourtée
Ecourtée;écourtée
Ecourtées;écourtées
Ecourtées;écourtées
Ecourter;écourter
Ecourtera;écourtera
Ecourteraient;écourteraient
Ecourtés;écourtés
Ecourtés;écourtés
Ecouta;écouta
Ecoutai;écoutai
Ecoutaient;écoutaient
Ecoutais;écoutais
Ecoutait;écoutait
Ecoutâmes;écoutâmes
Ecoutant;écoutant
Ecoutant;écoutant
Ecoutât;écoutât
Ecoute;écoute
Ecoute;écoute
Ecouté;écouté
Ecoutée;écoutée
Ecoutées;écoutées
Ecoutent;écoutent
Ecouter;écouter
Ecoutera;écoutera
Ecouterai;écouterai
Ecouteraient;écouteraient
Ecouterais;écouterais
Ecouterait;écouterait
Ecouteras;écouteras
Ecoutèrent;écoutèrent
Ecouterez;écouterez
Ecouteriez;écouteriez
Ecouterons;écouterons
Ecouteront;écouteront
Ecoutes;écoutes
Ecoutes;écoutes
Ecoutés;écoutés
Ecouteur;écouteur
Ecouteurs;écouteurs
Ecouteuse;écouteuse
Ecoutez;écoutez
Ecoutiez;écoutiez
Ecoutille;écoutille
Ecoutilles;écoutilles
Ecoutions;écoutions
Ecoutons;écoutons
Ecouvillon;écouvillon
Ecouvillonne;écouvillonne
Ecouvillons;écouvillons
Ecrabouilla;écrabouilla
Ecrabouillage;écrabouillage
Ecrabouillait;écrabouillait
Ecrabouillant;écrabouillant
Ecrabouille;écrabouille
Ecrabouillé;écrabouillé
Ecrabouillée;écrabouillée
Ecrabouillées;écrabouillées
Ecrabouillement;écrabouillement
Ecrabouillements;écrabouillements
Ecrabouiller;écrabouiller
Ecrabouillera;écrabouillera
Ecrabouillèrent;écrabouillèrent
Ecrabouillés;écrabouillés
Ecrabouillons;écrabouillons
Ecran;écran
Ecrans;écrans
Ecrasa;écrasa
Ecrasage;écrasage
Ecrasai;écrasai
Ecrasaient;écrasaient
Ecrasais;écrasais
Ecrasait;écrasait
Ecrasant;écrasant
Ecrasant;écrasant
Ecrasante;écrasante
Ecrasantes;écrasantes
Ecrasants;écrasants
Ecrasât;écrasât
Ecrase-merde;écrase-merde
Ecrase-merdes;écrase-merdes
Ecrase;écrase
Ecrasé;écrasé
Ecrasé;écrasé
Ecrasée;écrasée
Ecrasée;écrasée
Ecrasées;écrasées
Ecrasées;écrasées
Ecrasement;écrasement
Ecrasements;écrasements
Ecrasent;écrasent
Ecraser;écraser
Ecrasera;écrasera
Ecraserai;écraserai
Ecraseraient;écraseraient
Ecraserais;écraserais
Ecraserait;écraserait
Ecraseras;écraseras
Ecrasèrent;écrasèrent
Ecraserez;écraserez
Ecraserons;écraserons
Ecraseront;écraseront
Ecrases;écrases
Ecrasés;écrasés
Ecrasés;écrasés
Ecraseur;écraseur
Ecrasez;écrasez
Ecrasiez;écrasiez
Ecrasions;écrasions
Ecrasons;écrasons
Ecrasure;écrasure
Ecrémage;écrémage
Ecrémé;écrémé
Ecrème;écrème
Ecrémées;écrémées
Ecrémer;écrémer
Ecrémeuse;écrémeuse
Ecrêtait;écrêtait
Ecrêtée;écrêtée
Ecrêter;écrêter
Ecrevisse;écrevisse
Ecrevisse;écrevisse
Ecrevisses;écrevisses
Ecria;écria
Ecriai;écriai
Ecriaient;écriaient
Ecriais;écriais
Ecriait;écriait
Ecriant;écriant
Ecriât;écriât
Ecrie;écrie
Ecrié;écrié
Ecriée;écriée
Ecrient;écrient
Ecrier;écrier
Ecriera;écriera
Ecrierait;écrierait
Ecrièrent;écrièrent
Ecries;écries
Ecriés;écriés
Ecrin;écrin
Ecrins;écrins
Ecrions;écrions
Ecrira;écrira
Ecrirai;écrirai
Ecriraient;écriraient
Ecrirais;écrirais
Ecrirait;écrirait
Ecriras;écriras
Ecrire;écrire
Ecrirez;écrirez
Ecririez;écririez
Ecrirons;écrirons
Ecriront;écriront
Ecris;écris
Ecrit;écrit
Ecrit;écrit
Ecrit;écrit
Ecrite;écrite
Ecrite;écrite
Ecriteau;écriteau
Ecriteaux;écriteaux
Ecrites;écrites
Ecrites;écrites
Ecritoire;écritoire
Ecritoires;écritoires
Ecrits;écrits
Ecrits;écrits
Ecrits;écrits
Ecriture;écriture
Ecritures;écritures
Ecrivaient;écrivaient
Ecrivaillé;écrivaillé
Ecrivailler;écrivailler
Ecrivailleur;écrivailleur
Ecrivaillon;écrivaillon
Ecrivaillons;écrivaillons
Ecrivain;écrivain
Ecrivaine;écrivaine
Ecrivaines;écrivaines
Ecrivains;écrivains
Ecrivais;écrivais
Ecrivait;écrivait
Ecrivant;écrivant
Ecrivassiers;écrivassiers
Ecrive;écrive
Ecrivent;écrivent
Ecrives;écrives
Ecriveur;écriveur
Ecrivez;écrivez
Ecriviez;écriviez
Ecrivîmes;écrivîmes
Ecrivions;écrivions
Ecrivirent;écrivirent
Ecrivis;écrivis
Ecrivisse;écrivisse
Ecrivit;écrivit
Ecrivît;écrivît
Ecrivons;écrivons
Ecrou;écrou
Ecroué;écroué
Ecrouée;écrouée
Ecrouelles;écrouelles
Ecrouer;écrouer
Ecroueront;écroueront
Ecroula;écroula
Ecroulai;écroulai
Ecroulaient;écroulaient
Ecroulais;écroulais
Ecroulait;écroulait
Ecroulant;écroulant
Ecroulât;écroulât
Ecroule;écroule
Ecroulé;écroulé
Ecroulée;écroulée
Ecroulées;écroulées
Ecroulement;écroulement
Ecroulements;écroulements
Ecroulent;écroulent
Ecrouler;écrouler
Ecroulera;écroulera
Ecroulerai;écroulerai
Ecrouleraient;écrouleraient
Ecroulerais;écroulerais
Ecroulerait;écroulerait
Ecrouleras;écrouleras
Ecroulèrent;écroulèrent
Ecroulerions;écroulerions
Ecrouleront;écrouleront
Ecroulés;écroulés
Ecroulions;écroulions
Ecroulons;écroulons
Ecrous;écrous
Ecru;écru
Ecrue;écrue
Ecu;écu
Ecubier;écubier
Ecueil;écueil
Ecueils;écueils
Ecuelle;écuelle
Ecuellée;écuellée
Ecuellées;écuellées
Ecuelles;écuelles
Ecuissé;écuissé
Ecuissées;écuissées
Eculé;éculé
Eculé;éculé
Eculée;éculée
Eculée;éculée
Eculées;éculées
Eculées;éculées
Eculer;éculer
Eculés;éculés
Eculés;éculés
Ecuma;écuma
Ecumai;écumai
Ecumaient;écumaient
Ecumais;écumais
Ecumait;écumait
Ecumâmes;écumâmes
Ecumant;écumant
Ecumant;écumant
Ecumante;écumante
Ecumantes;écumantes
Ecumants;écumants
Ecume;écume
Ecume;écume
Ecumé;écumé
Ecumée;écumée
Ecument;écument
Ecumer;écumer
Ecumera;écumera
Ecumèrent;écumèrent
Ecumeront;écumeront
Ecumes;écumes
Ecumeur;écumeur
Ecumeurs;écumeurs
Ecumeuse;écumeuse
Ecumeuses;écumeuses
Ecumeuses;écumeuses
Ecumeux;écumeux
Ecumez;écumez
Ecumiez;écumiez
Ecumoire;écumoire
Ecumoires;écumoires
Ecureuil;écureuil
Ecureuils;écureuils
Ecurie;écurie
Ecuries;écuries
Ecus;écus
Ecusson;écusson
Ecussonné;écussonné
Ecussonnées;écussonnées
Ecussonnés;écussonnés
Ecussons;écussons
Ecuyer;écuyer
Ecuyère;écuyère
Ecuyères;écuyères
Ecuyers;écuyers
Edam;édam
Eden;éden
Edénique;édénique
Edéniques;édéniques
Edens;édens
Edenté;édenté
Edenté;édenté
Edenté;édenté
Edentée;édentée
Edentée;édentée
Edentée;édentée
Edentées;édentées
Edentées;édentées
Edentées;édentées
Edentés;édentés
Edentés;édentés
Edentés;édentés
Edicte;édicte
Edicté;édicté
Edictée;édictée
Edictées;édictées
Edicter;édicter
Edicule;édicule
Edicules;édicules
Edifia;édifia
Edifiaient;édifiaient
Edifiait;édifiait
Edifiant;édifiant
Edifiant;édifiant
Edifiante;édifiante
Edifiantes;édifiantes
Edifiants;édifiants
Edification;édification
Edifice;édifice
Edifices;édifices
Edifie;édifie
Edifié;édifié
Edifiée;édifiée
Edifiées;édifiées
Edifient;édifient
Edifier;édifier
Edifierait;édifierait
Edifièrent;édifièrent
Edifierons;édifierons
Edifiés;édifiés
Edifions;édifions
Ediles;édiles
Edilitaire;édilitaire
Edilitaires;édilitaires
Edit;édit
Editait;éditait
Edite;édite
Edité;édité
Editée;éditée
Editées;éditées
Editer;éditer
Editera;éditera
Editerais;éditerais
Edités;édités
Editeur;éditeur
Editeurs;éditeurs
Edition;édition
Editions;éditions
Editions;éditions
Edito;édito
Editons;éditons
Editorial;éditorial
Editorial;éditorial
Editoriale;éditoriale
Editorialiste;éditorialiste
Editorialistes;éditorialistes
Editoriaux;éditoriaux
Editoriaux;éditoriaux
Editos;éditos
Editrice;éditrice
Editrices;éditrices
Edits;édits
Edouardienne;édouardienne
Edredon;édredon
Edredons;édredons
Educable;éducable
Educables;éducables
Educateur;éducateur
Educateur;éducateur
Educateurs;éducateurs
Educateurs;éducateurs
Educatif;éducatif
Educatifs;éducatifs
Education;éducation
Educationnel;éducationnel
Educationnelle;éducationnelle
Educations;éducations
Educative;éducative
Educatives;éducatives
Educatrice;éducatrice
Educatrice;éducatrice
Educatrices;éducatrices
Eduen;éduen
Eduennes;éduennes
Eduens;éduens
Edulcorais;édulcorais
Edulcorant;édulcorant
Edulcorant;édulcorant
Edulcoré;édulcoré
Edulcorée;édulcorée
Edulcorées;édulcorées
Edulcorer;édulcorer
Eduquais;éduquais
Eduquant;éduquant
Eduque;éduque
Eduqué;éduqué
Eduquée;éduquée
Eduquées;éduquées
Eduquer;éduquer
Eduquera;éduquera
Eduqués;éduqués
Eduquez;éduquez
Eduquons;éduquons
Egaie;égaie
Egaieraient;égaieraient
Egaierait;égaierait
Egaieront;égaieront
Egailla;égailla
Egaillaient;égaillaient
Egaillait;égaillait
Egaillant;égaillant
Egaillée;égaillée
Egaillées;égaillées
Egaillent;égaillent
Egailler;égailler
Egaillèrent;égaillèrent
Egaillés;égaillés
Egal;égal
Egal;égal
Egala;égala
Egalable;égalable
Egalaient;égalaient
Egalais;égalais
Egalait;égalait
Egalant;égalant
Egalât;égalât
Egale;égale
Egale;égale
Egalé;égalé
Egalée;égalée
Egalées;égalées
Egalement;également
Egalent;égalent
Egaler;égaler
Egalera;égalera
Egalerai;égalerai
Egalerais;égalerais
Egalerait;égalerait
Egaleras;égaleras
Egaleront;égaleront
Egales;égales
Egalisa;égalisa
Egalisais;égalisais
Egalisait;égalisait
Egalisant;égalisant
Egalisateur;égalisateur
Egalisateur;égalisateur
Egalisateurs;égalisateurs
Egalisation;égalisation
Egalisatrice;égalisatrice
Egalise;égalise
Egalisé;égalisé
Egalisées;égalisées
Egalisent;égalisent
Egaliser;égaliser
Egalisèrent;égalisèrent
Egalisés;égalisés
Egaliseur;égaliseur
Egalisez;égalisez
Egalitaire;égalitaire
Egalitarisme;égalitarisme
Egalité;égalité
Egalités;égalités
Egara;égara
Egarai;égarai
Egaraient;égaraient
Egarais;égarais
Egarait;égarait
Egarant;égarant
Egarât;égarât
Egard;égard
Egards;égards
Egare;égare
Egaré;égaré
Egaré;égaré
Egarée;égarée
Egarée;égarée
Egarées;égarées
Egarées;égarées
Egarement;égarement
Egarements;égarements
Egarent;égarent
Egarer;égarer
Egareraient;égareraient
Egarerais;égarerais
Egarerait;égarerait
Egarèrent;égarèrent
Egarerions;égarerions
Egares;égares
Egarés;égarés
Egarés;égarés
Egarez;égarez
Egarons;égarons
Egaux;égaux
Egaux;égaux
Egaya;égaya
Egayaient;égayaient
Egayait;égayait
Egayant;égayant
Egayante;égayante
Egayât;égayât
Egaye;égaye
Egayé;égayé
Egayée;égayée
Egayées;égayées
Egayer;égayer
Egayerais;égayerais
Egayèrent;égayèrent
Egayés;égayés
Egayez;égayez
Egéenne;égéenne
Egérie;égérie
Egide;égide
Egipan;égipan
Egipans;égipans
Eglantier;églantier
Eglantiers;églantiers
Eglantine;églantine
Eglantines;églantines
Eglise;église
Eglises;églises
Eglogue;églogue
Eglogues;églogues
Egocentrique;égocentrique
Egocentrique;égocentrique
Egocentriques;égocentriques
Egocentriques;égocentriques
Egocentrisme;égocentrisme
Egocentrismes;égocentrismes
Egocentriste;égocentriste
Egocentristes;égocentristes
Egoïne;égoïne
Egoïsme;égoïsme
Egoïsmes;égoïsmes
Egoïste;égoïste
Egoïste;égoïste
Egoïstement;égoïstement
Egoïstes;égoïstes
Egoïstes;égoïstes
Egorge;égorge
Egorgé;égorgé
Egorgea;égorgea
Egorgeaient;égorgeaient
Egorgeais;égorgeais
Egorgeait;égorgeait
Egorgeant;égorgeant
Egorgée;égorgée
Egorgées;égorgées
Egorgement;égorgement
Egorgements;égorgements
Egorgent;égorgent
Egorgeoir;égorgeoir
Egorger;égorger
Egorgerai;égorgerai
Egorgeraient;égorgeraient
Egorgerais;égorgerais
Egorgeras;égorgeras
Egorgèrent;égorgèrent
Egorgeront;égorgeront
Egorgés;égorgés
Egorgeur;égorgeur
Egorgeurs;égorgeurs
Egorgeuses;égorgeuses
Egorgez;égorgez
Egosilla;égosilla
Egosillaient;égosillaient
Egosillait;égosillait
Egosillant;égosillant
Egosille;égosille
Egosillent;égosillent
Egosiller;égosiller
Egotisme;égotisme
Egotiste;égotiste
Egotiste;égotiste
Egotistes;égotistes
Egotistes;égotistes
Egout;égout
Egoutier;égoutier
Egoutiers;égoutiers
Egouts;égouts
Egoutta;égoutta
Egouttaient;égouttaient
Egouttait;égouttait
Egouttant;égouttant
Egoutte;égoutte
Egoutté;égoutté
Egouttement;égouttement
Egouttent;égouttent
Egoutter;égoutter
Egoutterait;égoutterait
Egouttèrent;égouttèrent
Egouttez;égouttez
Egouttis;égouttis
Egouttoir;égouttoir
Egrainer;égrainer
Egrappait;égrappait
Egratigna;égratigna
Egratignaient;égratignaient
Egratignait;égratignait
Egratignant;égratignant
Egratigne;égratigne
Egratigné;égratigné
Egratignée;égratignée
Egratignent;égratignent
Egratigner;égratigner
Egratignes;égratignes
Egratignés;égratignés
Egratignure;égratignure
Egratignures;égratignures
Egrena;égrena
Egrenage;égrenage
Egrenaient;égrenaient
Egrenais;égrenais
Egrenait;égrenait
Egrenant;égrenant
Egrené;égrené
Egrène;égrène
Egrenée;égrenée
Egrenées;égrenées
Egrènements;égrènements
Egrènent;égrènent
Egrener;égrener
Egrenèrent;égrenèrent
Egrenés;égrenés
Egreneuse;égreneuse
Egrillard;égrillard
Egrillarde;égrillarde
Egrillardes;égrillardes
Egrillards;égrillards
Egrotant;égrotant
Egrotantes;égrotantes
Egrotants;égrotants
Egyptien;égyptien
Egyptien;égyptien
Egyptienne;égyptienne
Egyptienne;égyptienne
Egyptiennes;égyptiennes
Egyptiennes;égyptiennes
Egyptiens;égyptiens
Egyptiens;égyptiens
Egyptologie;égyptologie
Egyptologue;égyptologue
Egyptologues;égyptologues
Ehonté;éhonté
Ehontée;éhontée
Ehontées;éhontées
Ehontés;éhontés
Ejacula;éjacula
Ejaculait;éjaculait
Ejaculant;éjaculant
Ejaculat;éjaculat
Ejaculateur;éjaculateur
Ejaculateur;éjaculateur
Ejaculateurs;éjaculateurs
Ejaculation;éjaculation
Ejaculations;éjaculations
Ejacule;éjacule
Ejaculé;éjaculé
Ejaculent;éjaculent
Ejaculer;éjaculer
Ejaculés;éjaculés
Ejecta;éjecta
Ejectable;éjectable
Ejectables;éjectables
Ejectaient;éjectaient
Ejectait;éjectait
Ejectant;éjectant
Ejectas;éjectas
Ejecte;éjecte
Ejecté;éjecté
Ejectée;éjectée
Ejectées;éjectées
Ejectent;éjectent
Ejecter;éjecter
Ejectera;éjectera
Ejecterais;éjecterais
Ejectèrent;éjectèrent
Ejectés;éjectés
Ejecteur;éjecteur
Ejecteurs;éjecteurs
Ejectez;éjectez
Ejection;éjection
Ejections;éjections
Ejectons;éjectons
Elabora;élabora
Elaborai;élaborai
Elaboraient;élaboraient
Elaborait;élaborait
Elaborant;élaborant
Elaboration;élaboration
Elaborations;élaborations
Elabore;élabore
Elaboré;élaboré
Elaboré;élaboré
Elaborée;élaborée
Elaborée;élaborée
Elaborées;élaborées
Elaborées;élaborées
Elaborent;élaborent
Elaborer;élaborer
Elaboreraient;élaboreraient
Elaborèrent;élaborèrent
Elaborés;élaborés
Elaborés;élaborés
Elaboriez;élaboriez
Elaborions;élaborions
Elaborons;élaborons
Elagage;élagage
Elaguais;élaguais
Elaguait;élaguait
Elague;élague
Elagué;élagué
Elaguer;élaguer
Elagués;élagués
Elagueur;élagueur
Elagueurs;élagueurs
Elaguez;élaguez
Elaguons;élaguons
Elan;élan
Elança;élança
Elançai;élançai
Elançaient;élançaient
Elançais;élançais
Elançait;élançait
Elançant;élançant
Elance;élance
Elancé;élancé
Elancé;élancé
Elancée;élancée
Elancée;élancée
Elancées;élancées
Elancées;élancées
Elancement;élancement
Elancements;élancements
Elancent;élancent
Elancer;élancer
Elancera;élancera
Elanceraient;élanceraient
Elancerait;élancerait
Elancèrent;élancèrent
Elancerions;élancerions
Elanceront;élanceront
Elancés;élancés
Elancés;élancés
Elancions;élancions
Elans;élans
Elargi;élargi
Elargie;élargie
Elargies;élargies
Elargir;élargir
Elargira;élargira
Elargirait;élargirait
Elargirent;élargirent
Elargirez;élargirez
Elargirons;élargirons
Elargis;élargis
Elargissaient;élargissaient
Elargissait;élargissait
Elargissant;élargissant
Elargissement;élargissement
Elargissent;élargissent
Elargissez;élargissez
Elargissions;élargissions
Elargit;élargit
Elargît;élargît
Elasticimétrie;élasticimétrie
Elasticité;élasticité
Elastique;élastique
Elastique;élastique
Elastiques;élastiques
Elastiques;élastiques
Elastomère;élastomère
Eléates;éléates
Electeur;électeur
Electeurs;électeurs
Electif;électif
Election;élection
Elections;élections
Elective;élective
Electivement;électivement
Electives;électives
Electoral;électoral
Electorale;électorale
Electoralement;électoralement
Electorales;électorales
Electorat;électorat
Electoraux;électoraux
Electrice;électrice
Electrices;électrices
Electricien;électricien
Electricienne;électricienne
Electriciennes;électriciennes
Electriciens;électriciens
Electricité;électricité
Electrifia;électrifia
Electrifiait;électrifiait
Electrifiant;électrifiant
Electrification;électrification
Electrifié;électrifié
Electrifiée;électrifiée
Electrifiées;électrifiées
Electrifier;électrifier
Electrifiés;électrifiés
Electrique;électrique
Electriquement;électriquement
Electriques;électriques
Electrisa;électrisa
Electrisaient;électrisaient
Electrisais;électrisais
Electrisait;électrisait
Electrisant;électrisant
Electrisant;électrisant
Electrisante;électrisante
Electrisation;électrisation
Electrise;électrise
Electrisé;électrisé
Electrisée;électrisée
Electrisées;électrisées
Electrisent;électrisent
Electriser;électriser
Electrisèrent;électrisèrent
Electro-acoustique;électro-acoustique
Electro-aimant;électro-aimant
Electro-encéphalogramme;électro-encéphalogramme
Electroacoustique;électroacoustique
Electroacoustique;électroacoustique
Electroaimant;électroaimant
Electroaimants;électroaimants
Electrobiologie;électrobiologie
Electrocardiogramme;électrocardiogramme
Electrochimie;électrochimie
Electrochimique;électrochimique
Electrochimiques;électrochimiques
Electrochoc;électrochoc
Electrochocs;électrochocs
Electrocutant;électrocutant
Electrocute;électrocute
Electrocuté;électrocuté
Electrocutée;électrocutée
Electrocutent;électrocutent
Electrocuter;électrocuter
Electrocutera;électrocutera
Electrocutes;électrocutes
Electrocutés;électrocutés
Electrocutez;électrocutez
Electrocution;électrocution
Electrode;électrode
Electrodes;électrodes
Electrodynamique;électrodynamique
Electroencéphalogramme;électroencéphalogramme
Electroencéphalographie;électroencéphalographie
Electrogène;électrogène
Electrologie;électrologie
Electrolyse;électrolyse
Electrolyse;électrolyse
Electrolyte;électrolyte
Electrolytes;électrolytes
Electrolytique;électrolytique
Electromagnétique;électromagnétique
Electromagnétiques;électromagnétiques
Electromagnétisme;électromagnétisme
Electroménager;électroménager
Electroménager;électroménager
Electromètre;électromètre
Electron;électron
Electronicien;électronicien
Electroniciens;électroniciens
Electronique;électronique
Electronique;électronique
Electroniquement;électroniquement
Electroniques;électroniques
Electroniques;électroniques
Electrons;électrons
Electronucléaire;électronucléaire
Electronvolts;électronvolts
Electrophone;électrophone
Electrophones;électrophones
Electrophorèse;électrophorèse
Electrostatique;électrostatique
Electrostatique;électrostatique
Electrostatiques;électrostatiques
Electrum;électrum
Electuaires;électuaires
Elégamment;élégamment
Elégance;élégance
Elégances;élégances
Elégant;élégant
Elégant;élégant
Elégante;élégante
Elégante;élégante
Elégantes;élégantes
Elégantes;élégantes
Elégants;élégants
Elégants;élégants
Elégiaque;élégiaque
Elégiaque;élégiaque
Elégiaques;élégiaques
Elégiaques;élégiaques
Elégie;élégie
Elégies;élégies
Elément-clé;élément-clé
Elément;élément
Elémentaire;élémentaire
Elémentaires;élémentaires
Elémentarité;élémentarité
Eléments-clés;éléments-clés
Eléments;éléments
Eléphant;éléphant
Eléphante;éléphante
Eléphanteau;éléphanteau
Eléphantes;éléphantes
Eléphantesque;éléphantesque
Eléphantesques;éléphantesques
Eléphantiasique;éléphantiasique
Eléphantiasis;éléphantiasis
Eléphantine;éléphantine
Eléphantines;éléphantines
Eléphants;éléphants
Eleusinienne;éleusinienne
Eleva;éleva
Elevage;élevage
Elevages;élevages
Elevai;élevai
Elevaient;élevaient
Elevais;élevais
Elevait;élevait
Elevant;élevant
Elevât;élevât
Elévateur;élévateur
Elévateur;élévateur
Elévateurs;élévateurs
Elévateurs;élévateurs
Elévation;élévation
Elévations;élévations
Elévatrice;élévatrice
Elévatrices;élévatrices
Elevé;élevé
Elevé;élevé
Elève;élève
Elève;élève
Elevée;élevée
Elevée;élevée
Elevées;élevées
Elevées;élevées
Elèvent;élèvent
Elever;élever
Elèvera;élèvera
Elèverai;élèverai
Elèveraient;élèveraient
Elèverais;élèverais
Elèverait;élèverait
Elèveras;élèveras
Elevèrent;élevèrent
Elèveriez;élèveriez
Elèverons;élèverons
Elèveront;élèveront
Elevés;élevés
Elevés;élevés
Elèves;élèves
Elèves;élèves
Eleveur;éleveur
Eleveurs;éleveurs
Eleveuse;éleveuse
Elevez;élevez
Eleviez;éleviez
Elevions;élevions
Elevons;élevons
Elevons;élevons
Elevures;élevures
Elia;élia
Eliciter;éliciter
Elie;élie
Eligibilité;éligibilité
Eligible;éligible
Eligibles;éligibles
Elimâmes;élimâmes
Elime;élime
Elimé;élimé
Elimé;élimé
Elimée;élimée
Elimée;élimée
Elimées;élimées
Elimées;élimées
Elimer;élimer
Elimés;élimés
Elimés;élimés
Elimina;élimina
Eliminais;éliminais
Eliminait;éliminait
Eliminant;éliminant
Eliminateur;éliminateur
Eliminateurs;éliminateurs
Elimination;élimination
Eliminations;éliminations
Eliminatoire;éliminatoire
Eliminatoire;éliminatoire
Eliminatoires;éliminatoires
Eliminatoires;éliminatoires
Elimine;élimine
Eliminé;éliminé
Eliminé;éliminé
Eliminée;éliminée
Eliminée;éliminée
Eliminées;éliminées
Eliminées;éliminées
Eliminent;éliminent
Eliminer;éliminer
Eliminera;éliminera
Eliminerai;éliminerai
Elimineraient;élimineraient
Eliminerais;éliminerais
Eliminerait;éliminerait
Elimineras;élimineras
Eliminèrent;éliminèrent
Eliminerez;éliminerez
Eliminerons;éliminerons
Elimineront;élimineront
Elimines;élimines
Eliminés;éliminés
Eliminés;éliminés
Eliminez;éliminez
Eliminiez;éliminiez
Eliminons;éliminons
Elingue;élingue
Elirait;élirait
Elire;élire
Elirez;élirez
Eliront;éliront
Elis;élis
Elisabéthain;élisabéthain
Elisabéthaine;élisabéthaine
Elisaient;élisaient
Elisais;élisais
Elisait;élisait
Elisant;élisant
Elise;élise
Elisent;élisent
Elisez;élisez
Elit;élit
Elite;élite
Elites;élites
Elitisme;élitisme
Elitiste;élitiste
Elitiste;élitiste
Elitistes;élitistes
Elitistes;élitistes
Elixir;élixir
Elixirs;élixirs
Elocution;élocution
Eloge;éloge
Eloges;éloges
Elogieuse;élogieuse
Elogieuses;élogieuses
Elogieux;élogieux
Eloigna;éloigna
Eloignai;éloignai
Eloignaient;éloignaient
Eloignais;éloignais
Eloignait;éloignait
Eloignâmes;éloignâmes
Eloignant;éloignant
Eloignât;éloignât
Eloigne;éloigne
Eloigné;éloigné
Eloigné;éloigné
Eloignée;éloignée
Eloignée;éloignée
Eloignées;éloignées
Eloignées;éloignées
Eloignement;éloignement
Eloignent;éloignent
Eloigner;éloigner
Eloignera;éloignera
Eloignerai;éloignerai
Eloigneraient;éloigneraient
Eloignerais;éloignerais
Eloignerait;éloignerait
Eloigneras;éloigneras
Eloignèrent;éloignèrent
Eloignerez;éloignerez
Eloignerons;éloignerons
Eloigneront;éloigneront
Eloignes;éloignes
Eloignés;éloignés
Eloignés;éloignés
Eloignez;éloignez
Eloignions;éloignions
Eloignons;éloignons
Elongation;élongation
Elongations;élongations
Eloquemment;éloquemment
Eloquence;éloquence
Eloquent;éloquent
Eloquente;éloquente
Eloquentes;éloquentes
Eloquents;éloquents
Elu;élu
Elu;élu
Elu;élu
Elucida;élucida
Elucidai;élucidai
Elucidation;élucidation
Elucide;élucide
Elucidé;élucidé
Elucidée;élucidée
Elucidées;élucidées
Elucider;élucider
Elucideraient;élucideraient
Eluciderait;éluciderait
Elucidés;élucidés
Elucubration;élucubration
Elucubrations;élucubrations
Elucubre;élucubre
Elucubrent;élucubrent
Elucubrer;élucubrer
Eluda;éluda
Eludai;éludai
Eludaient;éludaient
Eludais;éludais
Eludait;éludait
Eludant;éludant
Eludât;éludât
Elude;élude
Eludé;éludé
Eludée;éludée
Eludées;éludées
Eludent;éludent
Eluder;éluder
Eludes;éludes
Eludez;éludez
Elue;élue
Elue;élue
Elues;élues
Elus;élus
Elus;élus
Elus;élus
Elusifs;élusifs
Elusive;élusive
Elut;élut
Elysée;élysée
Elyséen;élyséen
Elyséenne;élyséenne
Elytre;élytre
Elytres;élytres
Emaciait;émaciait
Emacie;émacie
Emacié;émacié
Emacié;émacié
Emaciée;émaciée
Emaciée;émaciée
Emaciées;émaciées
Emaciées;émaciées
Emaciés;émaciés
Emaciés;émaciés
Email;émail
Emailla;émailla
Emaillaient;émaillaient
Emaillait;émaillait
Emaillant;émaillant
Emaille;émaille
Emaillé;émaillé
Emaillé;émaillé
Emaillée;émaillée
Emaillée;émaillée
Emaillées;émaillées
Emaillées;émaillées
Emaillent;émaillent
Emailler;émailler
Emaillés;émaillés
Emaillés;émaillés
Emanaient;émanaient
Emanait;émanait
Emanant;émanant
Emanation;émanation
Emanations;émanations
Emancipait;émancipait
Emancipateur;émancipateur
Emancipation;émancipation
Emancipatrice;émancipatrice
Emancipe;émancipe
Emancipé;émancipé
Emancipé;émancipé
Emancipée;émancipée
Emancipée;émancipée
Emancipées;émancipées
Emancipées;émancipées
Emancipent;émancipent
Emanciper;émanciper
Emancipés;émancipés
Emancipés;émancipés
Emane;émane
Emané;émané
Emanée;émanée
Emanées;émanées
Emanent;émanent
Emaner;émaner
Emanera;émanera
Emanerait;émanerait
Emanés;émanés
Emarge;émarge
Emargeaient;émargeaient
Emargeait;émargeait
Emargeant;émargeant
Emargement;émargement
Emarger;émarger
Emasculaient;émasculaient
Emasculation;émasculation
Emascule;émascule
Emasculé;émasculé
Emasculée;émasculée
Emasculées;émasculées
Emasculer;émasculer
Emasculés;émasculés
Emaux;émaux
Eméché;éméché
Eméché;éméché
Eméchée;éméchée
Eméchée;éméchée
Eméchées;éméchées
Eméchées;éméchées
Emèchent;émèchent
Eméchés;éméchés
Eméchés;éméchés
Emeraude;émeraude
Emeraude;émeraude
Emeraudes;émeraudes
Emerge;émerge
Emergé;émergé
Emergé;émergé
Emergea;émergea
Emergeai;émergeai
Emergeaient;émergeaient
Emergeais;émergeais
Emergeait;émergeait
Emergeant;émergeant
Emergeant;émergeant
Emergeât;émergeât
Emergée;émergée
Emergée;émergée
Emergées;émergées
Emergence;émergence
Emergences;émergences
Emergent;émergent
Emergent;émergent
Emergente;émergente
Emergeons;émergeons
Emerger;émerger
Emergera;émergera
Emergerait;émergerait
Emergeras;émergeras
Emergèrent;émergèrent
Emergerons;émergerons
Emergeront;émergeront
Emerges;émerges
Emergés;émergés
Emergions;émergions
Emeri;émeri
Emerillon;émerillon
Emerillonné;émerillonné
Emerisé;émerisé
Emerisées;émerisées
Emérite;émérite
Emérites;émérites
Emersion;émersion
Emerveilla;émerveilla
Emerveillai;émerveillai
Emerveillaient;émerveillaient
Emerveillais;émerveillais
Emerveillait;émerveillait
Emerveillant;émerveillant
Emerveille;émerveille
Emerveillé;émerveillé
Emerveillée;émerveillée
Emerveillées;émerveillées
Emerveillement;émerveillement
Emerveillements;émerveillements
Emerveillent;émerveillent
Emerveiller;émerveiller
Emerveillerait;émerveillerait
Emerveillèrent;émerveillèrent
Emerveillés;émerveillés
Emet;émet
Emétine;émétine
Emétique;émétique
Emétique;émétique
Emets;émets
Emettaient;émettaient
Emettait;émettait
Emettant;émettant
Emette;émette
Emettent;émettent
Emetteur-récepteur;émetteur-récepteur
Emetteur;émetteur
Emetteur;émetteur
Emetteurs;émetteurs
Emetteurs;émetteurs
Emettez;émettez
Emettons;émettons
Emettra;émettra
Emettrai;émettrai
Emettre;émettre
Emettrice;émettrice
Emettrons;émettrons
Emettront;émettront
Emeu;émeu
Emeus;émeus
Emeus;émeus
Emeut;émeut
Emeute;émeute
Emeutes;émeutes
Emeutier;émeutier
Emeutiers;émeutiers
Emeuve;émeuve
Emeuvent;émeuvent
Emietta;émietta
Emiettaient;émiettaient
Emiettait;émiettait
Emiette;émiette
Emietté;émietté
Emiettée;émiettée
Emiettement;émiettement
Emiettements;émiettements
Emiettent;émiettent
Emietter;émietter
Emietterait;émietterait
Emiettèrent;émiettèrent
Emiettés;émiettés
Emiettez;émiettez
Emigra;émigra
Emigrai;émigrai
Emigraient;émigraient
Emigrais;émigrais
Emigrait;émigrait
Emigrant;émigrant
Emigrant;émigrant
Emigrante;émigrante
Emigrante;émigrante
Emigrants;émigrants
Emigration;émigration
Emigre;émigre
Emigré;émigré
Emigré;émigré
Emigré;émigré
Emigrée;émigrée
Emigrée;émigrée
Emigrent;émigrent
Emigrer;émigrer
Emigrèrent;émigrèrent
Emigrés;émigrés
Emigrés;émigrés
Emigrés;émigrés
Emilien;émilien
Emilienne;émilienne
Emilienne;émilienne
Emincé;émincé
Emincé;émincé
Emincée;émincée
Emincées;émincées
Emincer;émincer
Emincés;émincés
Emincés;émincés
Emincez;émincez
Eminemment;éminemment
Eminence;éminence
Eminences;éminences
Eminent;éminent
Eminente;éminente
Eminentes;éminentes
Eminentissimes;éminentissimes
Eminents;éminents
Emir;émir
Emirat;émirat
Emirats;émirats
Emirs;émirs
Emis;émis
Emise;émise
Emises;émises
Emissaire;émissaire
Emissaire;émissaire
Emissaires;émissaires
Emissaires;émissaires
Emission;émission
Emissions;émissions
Emissions;émissions
Emit;émit
Emoi;émoi
Emois;émois
Emollient;émollient
Emolliente;émolliente
Emoluments;émoluments
Emondait;émondait
Emondé;émondé
Emondée;émondée
Emondées;émondées
Emonder;émonder
Emondera;émondera
Emondeur;émondeur
Emondons;émondons
Emotif;émotif
Emotif;émotif
Emotifs;émotifs
Emotifs;émotifs
Emotion;émotion
Emotionnante;émotionnante
Emotionne;émotionne
Emotionné;émotionné
Emotionnel;émotionnel
Emotionnelle;émotionnelle
Emotionnellement;émotionnellement
Emotionnelles;émotionnelles
Emotionnels;émotionnels
Emotions;émotions
Emotive;émotive
Emotives;émotives
Emotivité;émotivité
Emouchets;émouchets
Emoulu;émoulu
Emoulu;émoulu
Emoulue;émoulue
Emoulue;émoulue
Emoulus;émoulus
Emoussa;émoussa
Emoussai;émoussai
Emoussaient;émoussaient
Emoussait;émoussait
Emoussant;émoussant
Emousse;émousse
Emoussé;émoussé
Emoussé;émoussé
Emoussée;émoussée
Emoussée;émoussée
Emoussées;émoussées
Emoussées;émoussées
Emoussement;émoussement
Emoussent;émoussent
Emousser;émousser
Emoussèrent;émoussèrent
Emousseront;émousseront
Emoussés;émoussés
Emoussés;émoussés
Emoustilla;émoustilla
Emoustillait;émoustillait
Emoustillant;émoustillant
Emoustillant;émoustillant
Emoustillante;émoustillante
Emoustillé;émoustillé
Emoustillée;émoustillée
Emoustillées;émoustillées
Emoustiller;émoustiller
Emoustillera;émoustillera
Emoustillés;émoustillés
Emouvaient;émouvaient
Emouvais;émouvais
Emouvait;émouvait
Emouvant;émouvant
Emouvant;émouvant
Emouvante;émouvante
Emouvantes;émouvantes
Emouvants;émouvants
Emouvez;émouvez
Emouvoir;émouvoir
Emouvrait;émouvrait
Emu;ému
Emu;ému
Emue;émue
Emue;émue
Emues;émues
Emues;émues
Emulation;émulation
Emulations;émulations
Emule;émule
Emuler;émuler
Emules;émules
Emulsifiant;émulsifiant
Emulsifier;émulsifier
Emulsion;émulsion
Emulsionné;émulsionné
Emulsive;émulsive
Emurent;émurent
Emus;émus
Emus;émus
Emussent;émussent
Emut;émut
Emût;émût
Enamourant;énamourant
Enamouré;énamouré
Enamouré;énamouré
Enamourée;énamourée
Enamourée;énamourée
Enamourées;énamourées
Enamourées;énamourées
Enamourés;énamourés
Enarque;énarque
Enarques;énarques
Energétique;énergétique
Energétique;énergétique
Energétiques;énergétiques
Energie;énergie
Energies;énergies
Energique;énergique
Energiquement;énergiquement
Energiques;énergiques
Energisant;énergisant
Energisant;énergisant
Energisante;énergisante
Energisée;énergisée
Energumène;énergumène
Energumènes;énergumènes
Enerva;énerva
Enervai;énervai
Enervaient;énervaient
Enervais;énervais
Enervait;énervait
Enervâmes;énervâmes
Enervant;énervant
Enervant;énervant
Enervante;énervante
Enervantes;énervantes
Enervants;énervants
Enerve;énerve
Enervé;énervé
Enervé;énervé
Enervée;énervée
Enervée;énervée
Enervées;énervées
Enervées;énervées
Enervement;énervement
Enervements;énervements
Enervent;énervent
Enerver;énerver
Enervera;énervera
Enerverai;énerverai
Enerveraient;énerveraient
Enerverait;énerverait
Enerveront;énerveront
Enerves;énerves
Enervés;énervés
Enervés;énervés
Enervez;énervez
Enerviez;énerviez
Enervions;énervions
Enervons;énervons
Enième;énième
Enième;énième
Enigmatique;énigmatique
Enigmatiquement;énigmatiquement
Enigmatiques;énigmatiques
Enigme;énigme
Enigmes;énigmes
Enonça;énonça
Enonçai;énonçai
Enonçaient;énonçaient
Enonçais;énonçais
Enonçait;énonçait
Enonçant;énonçant
Enonce;énonce
Enoncé;énoncé
Enoncé;énoncé
Enoncée;énoncée
Enoncées;énoncées
Enoncent;énoncent
Enoncer;énoncer
Enonceront;énonceront
Enoncés;énoncés
Enonciateurs;énonciateurs
Enonciation;énonciation
Enorme;énorme
Enormément;énormément
Enormes;énormes
Enormité;énormité
Enormités;énormités
Enucléation;énucléation
Enucléé;énucléé
Enucléer;énucléer
Enucléés;énucléés
Enuméra;énuméra
Enumérai;énumérai
Enuméraient;énuméraient
Enumérais;énumérais
Enumérait;énumérait
Enumérant;énumérant
Enumération;énumération
Enumérations;énumérations
Enumérative;énumérative
Enuméré;énuméré
Enumère;énumère
Enumérées;énumérées
Enumèrent;énumèrent
Enumérer;énumérer
Enumérerai;énumérerai
Enumérerais;énumérerais
Enumères;énumères
Enumérez;énumérez
Enumérons;énumérons
Enurésie;énurésie
Enurétique;énurétique
Eocène;éocène
Eolien;éolien
Eolien;éolien
Eolienne;éolienne
Eolienne;éolienne
Eoliennes;éoliennes
Eoliennes;éoliennes
Eoliens;éoliens
Eon;éon
Eonisme;éonisme
Eosine;éosine
Epagneul;épagneul
Epagneule;épagneule
Epagomènes;épagomènes
Epais;épais
Epais;épais
Epaisse;épaisse
Epaissement;épaissement
Epaisses;épaisses
Epaisseur;épaisseur
Epaisseurs;épaisseurs
Epaissi;épaissi
Epaissie;épaissie
Epaissies;épaissies
Epaissir;épaissir
Epaissirais;épaissirais
Epaissirent;épaissirent
Epaissis;épaissis
Epaississaient;épaississaient
Epaississait;épaississait
Epaississant;épaississant
Epaississe;épaississe
Epaississement;épaississement
Epaississent;épaississent
Epaissit;épaissit
Epancha;épancha
Epanchaient;épanchaient
Epanchais;épanchais
Epanchait;épanchait
Epanchant;épanchant
Epanche;épanche
Epanché;épanché
Epanchement;épanchement
Epanchements;épanchements
Epanchent;épanchent
Epancher;épancher
Epancherait;épancherait
Epand;épand
Epandage;épandage
Epandages;épandages
Epandaient;épandaient
Epandait;épandait
Epandant;épandant
Epandent;épandent
Epandeur;épandeur
Epandez;épandez
Epandre;épandre
Epands;épands
Epandu;épandu
Epandue;épandue
Epandues;épandues
Epanoui;épanoui
Epanoui;épanoui
Epanouie;épanouie
Epanouie;épanouie
Epanouies;épanouies
Epanouies;épanouies
Epanouir;épanouir
Epanouira;épanouira
Epanouirait;épanouirait
Epanouirent;épanouirent
Epanouis;épanouis
Epanouis;épanouis
Epanouissaient;épanouissaient
Epanouissais;épanouissais
Epanouissait;épanouissait
Epanouissant;épanouissant
Epanouissant;épanouissant
Epanouissante;épanouissante
Epanouissantes;épanouissantes
Epanouisse;épanouisse
Epanouissement;épanouissement
Epanouissements;épanouissements
Epanouissent;épanouissent
Epanouisses;épanouisses
Epanouit;épanouit
Epanouît;épanouît
Epargna;épargna
Epargnaient;épargnaient
Epargnais;épargnais
Epargnait;épargnait
Epargnant;épargnant
Epargnant;épargnant
Epargnant;épargnant
Epargnantes;épargnantes
Epargnants;épargnants
Epargnât;épargnât
Epargne;épargne
Epargne;épargne
Epargné;épargné
Epargnée;épargnée
Epargnées;épargnées
Epargnent;épargnent
Epargner;épargner
Epargnera;épargnera
Epargnerai;épargnerai
Epargnerais;épargnerais
Epargnerait;épargnerait
Epargneras;épargneras
Epargnèrent;épargnèrent
Epargnerez;épargnerez
Epargneriez;épargneriez
Epargnerons;épargnerons
Epargneront;épargneront
Epargnes;épargnes
Epargnes;épargnes
Epargnés;épargnés
Epargnez;épargnez
Epargniez;épargniez
Epargnions;épargnions
Epargnons;épargnons
Eparpilla;éparpilla
Eparpillaient;éparpillaient
Eparpillait;éparpillait
Eparpillant;éparpillant
Eparpille;éparpille
Eparpillé;éparpillé
Eparpillé;éparpillé
Eparpillée;éparpillée
Eparpillée;éparpillée
Eparpillées;éparpillées
Eparpillées;éparpillées
Eparpillement;éparpillement
Eparpillent;éparpillent
Eparpiller;éparpiller
Eparpillera;éparpillera
Eparpilleraient;éparpilleraient
Eparpillèrent;éparpillèrent
Eparpillés;éparpillés
Eparpillés;éparpillés
Eparpillez;éparpillez
Eparpillons;éparpillons
Epars;épars
Epars;épars
Eparse;éparse
Eparses;éparses
Epart;épart
Epastrouillant;épastrouillant
Epastrouillera;épastrouillera
Epata;épata
Epataient;épataient
Epatais;épatais
Epatait;épatait
Epatamment;épatamment
Epatant;épatant
Epatant;épatant
Epatante;épatante
Epatantes;épatantes
Epatants;épatants
Epate;épate
Epate;épate
Epaté;épaté
Epaté;épaté
Epatée;épatée
Epatée;épatée
Epatement;épatement
Epatent;épatent
Epater;épater
Epatera;épatera
Epaterait;épaterait
Epateras;épateras
Epates;épates
Epates;épates
Epatés;épatés
Epatés;épatés
Epateur;épateur
Epateurs;épateurs
Epatez;épatez
Epaula;épaula
Epaulaient;épaulaient
Epaulait;épaulait
Epaulant;épaulant
Epaulard;épaulard
Epaulards;épaulards
Epaule;épaule
Epaule;épaule
Epaulé;épaulé
Epaulé;épaulé
Epaulé;épaulé
Epaulée;épaulée
Epaulées;épaulées
Epaulement;épaulement
Epaulements;épaulements
Epaulent;épaulent
Epauler;épauler
Epauleras;épauleras
Epaulèrent;épaulèrent
Epaules;épaules
Epaules;épaules
Epaulés;épaulés
Epaulés;épaulés
Epaulette;épaulette
Epaulettes;épaulettes
Epaulez;épaulez
Epaulière;épaulière
Epaulières;épaulières
Epave;épave
Epaves;épaves
Epeautre;épeautre
Epectase;épectase
Epée;épée
Epées;épées
Epeichette;épeichette
Epeire;épeire
Epéiste;épéiste
Epéistes;épéistes
Epela;épela
Epelais;épelais
Epelait;épelait
Epelant;épelant
Epelé;épelé
Epeler;épeler
Epelés;épelés
Epelez;épelez
Epeliez;épeliez
Epelions;épelions
Epellation;épellation
Epelle;épelle
Epellent;épellent
Epellerais;épellerais
Epelles;épelles
Ependyme;épendyme
Epépine;épépine
Eperdu;éperdu
Eperdu;éperdu
Eperdue;éperdue
Eperdue;éperdue
Eperdues;éperdues
Eperdues;éperdues
Eperdument;éperdument
Eperdus;éperdus
Eperdus;éperdus
Eperlan;éperlan
Eperlans;éperlans
Eperon;éperon
Eperonna;éperonna
Eperonnant;éperonnant
Eperonne;éperonne
Eperonné;éperonné
Eperonnée;éperonnée
Eperonner;éperonner
Eperonnera;éperonnera
Eperonnèrent;éperonnèrent
Eperonnés;éperonnés
Eperonnez;éperonnez
Eperons;éperons
Epervier;épervier
Epervière;épervière
Epervières;épervières
Eperviers;éperviers
Epeurant;épeurant
Epeuré;épeuré
Epeurée;épeurée
Epeurer;épeurer
Ephèbe;éphèbe
Ephèbes;éphèbes
Ephébie;éphébie
Ephédrine;éphédrine
Ephélides;éphélides
Ephémère;éphémère
Ephémère;éphémère
Ephémèrement;éphémèrement
Ephémères;éphémères
Ephémères;éphémères
Ephéméride;éphéméride
Ephémérides;éphémérides
Ephésiens;éphésiens
Ephésiens;éphésiens
Epi;épi
Epia;épia
Epiai;épiai
Epiaient;épiaient
Epiais;épiais
Epiait;épiait
Epiant;épiant
Epicanthus;épicanthus
Epice;épice
Epice;épice
Epicé;épicé
Epicé;épicé
Epicéa;épicéa
Epicée;épicée
Epicée;épicée
Epicées;épicées
Epicemard;épicemard
Epicemards;épicemards
Epicentre;épicentre
Epicer;épicer
Epicerie;épicerie
Epiceries;épiceries
Epices;épices
Epices;épices
Epicés;épicés
Epicés;épicés
Epicier;épicier
Epicière;épicière
Epicières;épicières
Epiciers;épiciers
Epicondyle;épicondyle
Epicrânienne;épicrânienne
Epicurien;épicurien
Epicurien;épicurien
Epicurienne;épicurienne
Epicuriens;épicuriens
Epicuriens;épicuriens
Epicurisme;épicurisme
Epidémie;épidémie
Epidémies;épidémies
Epidémiologie;épidémiologie
Epidémiologique;épidémiologique
Epidémiologiste;épidémiologiste
Epidémique;épidémique
Epidémiques;épidémiques
Epiderme;épiderme
Epidermes;épidermes
Epidermique;épidermique
Epidermiques;épidermiques
Epidiascopes;épidiascopes
Epididyme;épididyme
Epididymes;épididymes
Epidural;épidural
Epidurale;épidurale
Epie;épie
Epié;épié
Epiée;épiée
Epiées;épiées
Epient;épient
Epier;épier
Epierais;épierais
Epierait;épierait
Epièrent;épièrent
Epierrer;épierrer
Epies;épies
Epiés;épiés
Epieu;épieu
Epieux;épieux
Epiez;épiez
Epigastre;épigastre
Epigastrique;épigastrique
Epiglotte;épiglotte
Epigone;épigone
Epigones;épigones
Epigramme;épigramme
Epigrammes;épigrammes
Epigraphe;épigraphe
Epigraphie;épigraphie
Epigraphistes;épigraphistes
Epilais;épilais
Epilait;épilait
Epilant;épilant
Epilateur;épilateur
Epilation;épilation
Epilatoire;épilatoire
Epile;épile
Epilé;épilé
Epilée;épilée
Epilées;épilées
Epilent;épilent
Epilepsie;épilepsie
Epileptiforme;épileptiforme
Epileptique;épileptique
Epileptique;épileptique
Epileptiques;épileptiques
Epileptiques;épileptiques
Epiler;épiler
Epilés;épilés
Epileuse;épileuse
Epilez;épilez
Epiloguaient;épiloguaient
Epilogue;épilogue
Epilogué;épilogué
Epiloguer;épiloguer
Epiloguèrent;épiloguèrent
Epilogues;épilogues
Epiloguions;épiloguions
Epinaie;épinaie
Epinard;épinard
Epinards;épinards
Epine-vinette;épine-vinette
Epine;épine
Epines;épines
Epinette;épinette
Epinettes;épinettes
Epineuse;épineuse
Epineuses;épineuses
Epineux;épineux
Epineux;épineux
Epingla;épingla
Epinglage;épinglage
Epinglai;épinglai
Epinglaient;épinglaient
Epinglait;épinglait
Epingle;épingle
Epingle;épingle
Epinglé;épinglé
Epinglé;épinglé
Epinglée;épinglée
Epinglées;épinglées
Epinglées;épinglées
Epinglent;épinglent
Epingler;épingler
Epinglera;épinglera
Epinglerai;épinglerai
Epinglèrent;épinglèrent
Epingleront;épingleront
Epingles;épingles
Epingles;épingles
Epinglés;épinglés
Epinglés;épinglés
Epinglette;épinglette
Epinglez;épinglez
Epinglons;épinglons
Epinière;épinière
Epiniers;épiniers
Epinoches;épinoches
Epions;épions
Epiphane;épiphane
Epiphanie;épiphanie
Epiphénomène;épiphénomène
Epiphylle;épiphylle
Epiphylles;épiphylles
Epiphysaire;épiphysaire
Epiphyse;épiphyse
Epiphyte;épiphyte
Epiphytes;épiphytes
Epiploon;épiploon
Epiploons;épiploons
Epique;épique
Epiques;épiques
Epis;épis
Episcopal;épiscopal
Episcopale;épiscopale
Episcopales;épiscopales
Episcopalien;épiscopalien
Episcopalien;épiscopalien
Episcopalienne;épiscopalienne
Episcopalienne;épiscopalienne
Episcopat;épiscopat
Episcopaux;épiscopaux
Episiotomie;épisiotomie
Episode;épisode
Episodes;épisodes
Episodique;épisodique
Episodiquement;épisodiquement
Episodiques;épisodiques
Epissé;épissé
Episser;épisser
Epissoirs;épissoirs
Epissures;épissures
Epistémologie;épistémologie
Epistémologique;épistémologique
Epistémologues;épistémologues
Epistolaire;épistolaire
Epistolaires;épistolaires
Epistolier;épistolier
Epistolière;épistolière
Epitaphe;épitaphe
Epitaphes;épitaphes
Epithalame;épithalame
Epithalames;épithalames
Epithélial;épithélial
Epithéliale;épithéliale
Epithélioma;épithélioma
Epithélium;épithélium
Epithète;épithète
Epithète;épithète
Epithètes;épithètes
Epitoge;épitoge
Epitomé;épitomé
Epître;épître
Epîtres;épîtres
Eploie;éploie
Eploient;éploient
Eploré;éploré
Eplorée;éplorée
Eplorées;éplorées
Eplorés;éplorés
Eployai;éployai
Eployait;éployait
Eployé;éployé
Eployée;éployée
Eployées;éployées
Eployer;éployer
Eployés;éployés
Eplucha;éplucha
Epluchage;épluchage
Epluchages;épluchages
Epluchaient;épluchaient
Epluchais;épluchais
Epluchait;épluchait
Epluchant;épluchant
Epluchât;épluchât
Epluche-légumes;épluche-légumes
Epluche;épluche
Epluché;épluché
Epluchée;épluchée
Epluchées;épluchées
Epluchent;épluchent
Eplucher;éplucher
Epluchera;épluchera
Eplucherai;éplucherai
Eplucherons;éplucherons
Epluches;épluches
Epluchés;épluchés
Eplucheur;éplucheur
Eplucheurs;éplucheurs
Eplucheuses;éplucheuses
Epluchez;épluchez
Epluchions;épluchions
Epluchons;épluchons
Epluchure;épluchure
Epluchures;épluchures
Epointé;épointé
Epointées;épointées
Epointés;épointés
Eponge;éponge
Eponge;éponge
Epongé;épongé
Epongea;épongea
Epongeage;épongeage
Epongeaient;épongeaient
Epongeais;épongeais
Epongeait;épongeait
Epongeant;épongeant
Epongée;épongée
Epongent;épongent
Epongeons;épongeons
Eponger;éponger
Epongèrent;épongèrent
Eponges;éponges
Eponges;éponges
Epongés;épongés
Epongez;épongez
Epongiez;épongiez
Eponyme;éponyme
Epopée;épopée
Epopées;épopées
Epoque;époque
Epoques;époques
Epouillage;épouillage
Epouillaient;épouillaient
Epouillait;épouillait
Epouille;épouille
Epouillé;épouillé
Epouillent;épouillent
Epouiller;épouiller
Epouillés;épouillés
Epoumonaient;époumonaient
Epoumonait;époumonait
Epoumonant;époumonant
Epoumone;époumone
Epoumoner;époumoner
Epoumonèrent;époumonèrent
Epoumonés;époumonés
Epousa;épousa
Epousable;épousable
Epousai;épousai
Epousaient;épousaient
Epousailles;épousailles
Epousais;épousais
Epousait;épousait
Epousant;épousant
Epousât;épousât
Epouse;épouse
Epouse;épouse
Epousé;épousé
Epousée;épousée
Epousée;épousée
Epousées;épousées
Epousées;épousées
Epousent;épousent
Epouser;épouser
Epousera;épousera
Epouserai;épouserai
Epouseraient;épouseraient
Epouserais;épouserais
Epouserait;épouserait
Epouseras;épouseras
Epousèrent;épousèrent
Epouserez;épouserez
Epouseriez;épouseriez
Epouserons;épouserons
Epouseront;épouseront
Epouses;épouses
Epouses;épouses
Epousés;épousés
Epouseur;épouseur
Epouseurs;épouseurs
Epousez;épousez
Epousiez;épousiez
Epousions;épousions
Epousons;épousons
Epousseta;épousseta
Epoussetage;époussetage
Epoussetaient;époussetaient
Epoussetais;époussetais
Epoussetait;époussetait
Epoussetant;époussetant
Epousseté;épousseté
Epoussetée;époussetée
Epousseter;épousseter
Epoussetèrent;époussetèrent
Epoussetés;époussetés
Epoussetez;époussetez
Epoussette;époussette
Epoussettent;époussettent
Epoustouflait;époustouflait
Epoustouflant;époustouflant
Epoustouflant;époustouflant
Epoustouflante;époustouflante
Epoustouflantes;époustouflantes
Epoustouflants;époustouflants
Epoustoufle;époustoufle
Epoustouflé;époustouflé
Epoustouflée;époustouflée
Epoustoufler;époustoufler
Epoustouflés;époustouflés
Epouvanta;épouvanta
Epouvantable;épouvantable
Epouvantablement;épouvantablement
Epouvantables;épouvantables
Epouvantaient;épouvantaient
Epouvantail;épouvantail
Epouvantails;épouvantails
Epouvantait;épouvantait
Epouvante;épouvante
Epouvante;épouvante
Epouvanté;épouvanté
Epouvanté;épouvanté
Epouvantée;épouvantée
Epouvantée;épouvantée
Epouvantées;épouvantées
Epouvantées;épouvantées
Epouvantement;épouvantement
Epouvantements;épouvantements
Epouvantent;épouvantent
Epouvanter;épouvanter
Epouvanteraient;épouvanteraient
Epouvantèrent;épouvantèrent
Epouvantes;épouvantes
Epouvantes;épouvantes
Epouvantés;épouvantés
Epouvantés;épouvantés
Epouvantez;épouvantez
Epoux;époux
Epoxy;époxy
Epoxyde;époxyde
Eprenait;éprenait
Eprenant;éprenant
Eprend;éprend
Eprendre;éprendre
Eprends;éprends
Eprenne;éprenne
Eprennent;éprennent
Epreuve;épreuve
Epreuves;épreuves
Epris;épris
Epris;épris
Eprise;éprise
Eprise;éprise
Eprises;éprises
Eprises;éprises
Eprit;éprit
Eprouva;éprouva
Eprouvai;éprouvai
Eprouvaient;éprouvaient
Eprouvais;éprouvais
Eprouvait;éprouvait
Eprouvâmes;éprouvâmes
Eprouvant;éprouvant
Eprouvant;éprouvant
Eprouvante;éprouvante
Eprouvantes;éprouvantes
Eprouvants;éprouvants
Eprouvât;éprouvât
Eprouve;éprouve
Eprouvé;éprouvé
Eprouvé;éprouvé
Eprouvée;éprouvée
Eprouvée;éprouvée
Eprouvées;éprouvées
Eprouvées;éprouvées
Eprouvent;éprouvent
Eprouver;éprouver
Eprouvera;éprouvera
Eprouverai;éprouverai
Eprouveraient;éprouveraient
Eprouverais;éprouverais
Eprouverait;éprouverait
Eprouveras;éprouveras
Eprouvèrent;éprouvèrent
Eprouverez;éprouverez
Eprouveront;éprouveront
Eprouves;éprouves
Eprouvés;éprouvés
Eprouvés;éprouvés
Eprouvette;éprouvette
Eprouvettes;éprouvettes
Eprouvez;éprouvez
Eprouviez;éprouviez
Eprouvions;éprouvions
Eprouvons;éprouvons
Epuçât;épuçât
Epucer;épucer
Epuisa;épuisa
Epuisai;épuisai
Epuisaient;épuisaient
Epuisais;épuisais
Epuisait;épuisait
Epuisant;épuisant
Epuisant;épuisant
Epuisante;épuisante
Epuisantes;épuisantes
Epuisants;épuisants
Epuisât;épuisât
Epuise;épuise
Epuisé;épuisé
Epuisé;épuisé
Epuisée;épuisée
Epuisée;épuisée
Epuisées;épuisées
Epuisées;épuisées
Epuisement;épuisement
Epuisements;épuisements
Epuisent;épuisent
Epuiser;épuiser
Epuisera;épuisera
Epuiseraient;épuiseraient
Epuiserait;épuiserait
Epuiseras;épuiseras
Epuisèrent;épuisèrent
Epuiserons;épuiserons
Epuiseront;épuiseront
Epuises;épuises
Epuisés;épuisés
Epuisés;épuisés
Epuisette;épuisette
Epuisettes;épuisettes
Epuisez;épuisez
Epuisiez;épuisiez
Epuisons;épuisons
Epulie;épulie
Epurait;épurait
Epurant;épurant
Epurateur;épurateur
Epuration;épuration
Epurations;épurations
Epurative;épurative
Epure;épure
Epure;épure
Epuré;épuré
Epurée;épurée
Epurées;épurées
Epurer;épurer
Epures;épures
Epurés;épurés
Equanimité;équanimité
Equarisseur;équarisseur
Equarisseurs;équarisseurs
Equarri;équarri
Equarri;équarri
Equarrie;équarrie
Equarries;équarries
Equarries;équarries
Equarrir;équarrir
Equarris;équarris
Equarris;équarris
Equarrissage;équarrissage
Equarrissait;équarrissait
Equarrisseur;équarrisseur
Equarrisseurs;équarrisseurs
Equateur;équateur
Equation;équation
Equations;équations
Equatorial;équatorial
Equatoriale;équatoriale
Equatoriaux;équatoriaux
Equatorien;équatorien
Equatoriennes;équatoriennes
Equerrage;équerrage
Equerre;équerre
Equerres;équerres
Equestre;équestre
Equestres;équestres
Equeutées;équeutées
Equeuter;équeuter
Equidés;équidés
Equidistance;équidistance
Equidistant;équidistant
Equidistante;équidistante
Equidistantes;équidistantes
Equidistants;équidistants
Equilatéral;équilatéral
Equilatéraux;équilatéraux
Equilibra;équilibra
Equilibrage;équilibrage
Equilibraient;équilibraient
Equilibrais;équilibrais
Equilibrait;équilibrait
Equilibrant;équilibrant
Equilibrante;équilibrante
Equilibre;équilibre
Equilibre;équilibre
Equilibré;équilibré
Equilibré;équilibré
Equilibrée;équilibrée
Equilibrée;équilibrée
Equilibrées;équilibrées
Equilibrées;équilibrées
Equilibrent;équilibrent
Equilibrer;équilibrer
Equilibrèrent;équilibrèrent
Equilibres;équilibres
Equilibrés;équilibrés
Equilibrés;équilibrés
Equilibreur;équilibreur
Equilibrisme;équilibrisme
Equilibriste;équilibriste
Equilibristes;équilibristes
Equin;équin
Equine;équine
Equinoxe;équinoxe
Equinoxes;équinoxes
Equipa;équipa
Equipage;équipage
Equipages;équipages
Equipai;équipai
Equipait;équipait
Equipant;équipant
Equipe;équipe
Equipe;équipe
Equipé;équipé
Equipé;équipé
Equipée;équipée
Equipée;équipée
Equipées;équipées
Equipées;équipées
Equipement;équipement
Equipements;équipements
Equipent;équipent
Equiper;équiper
Equipera;équipera
Equiperai;équiperai
Equiperais;équiperais
Equipèrent;équipèrent
Equipes;équipes
Equipes;équipes
Equipés;équipés
Equipés;équipés
Equipez;équipez
Equipier;équipier
Equipière;équipière
Equipiers;équipiers
Equipons;équipons
Equitable;équitable
Equitablement;équitablement
Equitables;équitables
Equitation;équitation
Equité;équité
Equivalaient;équivalaient
Equivalait;équivalait
Equivalant;équivalant
Equivalence;équivalence
Equivalences;équivalences
Equivalent;équivalent
Equivalent;équivalent
Equivalent;équivalent
Equivalente;équivalente
Equivalentes;équivalentes
Equivalents;équivalents
Equivalents;équivalents
Equivaloir;équivaloir
Equivalu;équivalu
Equivalût;équivalût
Equivaudra;équivaudra
Equivaudrait;équivaudrait
Equivaut;équivaut
Equivoque;équivoque
Equivoque;équivoque
Equivoquer;équivoquer
Equivoques;équivoques
Equivoques;équivoques
Erable;érable
Erables;érables
Erablières;érablières
Eradicateur;éradicateur
Eradicateur;éradicateur
Eradication;éradication
Eradiqué;éradiqué
Eradiquée;éradiquée
Eradiquer;éradiquer
Eradiquerai;éradiquerai
Eradiqueront;éradiqueront
Eradiquons;éradiquons
Erafla;érafla
Eraflait;éraflait
Erafle;érafle
Eraflé;éraflé
Eraflée;éraflée
Eraflées;éraflées
Erafler;érafler
Eraflés;éraflés
Eraflez;éraflez
Eraflure;éraflure
Eraflures;éraflures
Erailla;érailla
Eraillaient;éraillaient
Eraillait;éraillait
Eraillant;éraillant
Eraille;éraille
Eraillé;éraillé
Eraillé;éraillé
Eraillée;éraillée
Eraillée;éraillée
Eraillées;éraillées
Eraillées;éraillées
Eraillent;éraillent
Erailler;érailler
Eraillés;éraillés
Eraillés;éraillés
Eraillures;éraillures
Ere;ère
Erectile;érectile
Erectiles;érectiles
Erection;érection
Erections;érections
Ereintait;éreintait
Ereintant;éreintant
Ereintant;éreintant
Ereintante;éreintante
Ereintants;éreintants
Ereinte;éreinte
Ereinté;éreinté
Ereinté;éreinté
Ereintée;éreintée
Ereintée;éreintée
Ereintées;éreintées
Ereintées;éreintées
Ereintement;éreintement
Ereintent;éreintent
Ereinter;éreinter
Ereintés;éreintés
Ereintés;éreintés
Ereinteur;éreinteur
Eres;ères
Erige;érige
Erigé;érigé
Erigea;érigea
Erigeaient;érigeaient
Erigeait;érigeait
Erigeant;érigeant
Erigeât;érigeât
Erigée;érigée
Erigées;érigées
Erigent;érigent
Eriger;ériger
Erigés;érigés
Erode;érode
Erodé;érodé
Erodé;érodé
Erodée;érodée
Erodée;érodée
Erodées;érodées
Erodées;érodées
Erodent;érodent
Eroder;éroder
Erodés;érodés
Erodés;érodés
Erogène;érogène
Erogènes;érogènes
Eros;éros
Erosion;érosion
Erosions;érosions
Erotique;érotique
Erotiquement;érotiquement
Erotiques;érotiques
Erotise;érotise
Erotisé;érotisé
Erotisée;érotisée
Erotiser;érotiser
Erotisme;érotisme
Erotomane;érotomane
Erotomane;érotomane
Erotomanie;érotomanie
Eructa;éructa
Eructait;éructait
Eructant;éructant
Eructation;éructation
Eructations;éructations
Eructe;éructe
Eructé;éructé
Eructées;éructées
Eructer;éructer
Eructes;éructes
Erudit;érudit
Erudit;érudit
Erudite;érudite
Erudite;érudite
Erudites;érudites
Erudition;érudition
Erudits;érudits
Erudits;érudits
Eruption;éruption
Eruptions;éruptions
Eruptive;éruptive
Eruptives;éruptives
Erythémateux;érythémateux
Erythème;érythème
Erythèmes;érythèmes
Erythréenne;érythréenne
Erythromycine;érythromycine
Erythrophobie;érythrophobie
Esotérique;ésotérique
Esotériques;ésotériques
Esotérisme;ésotérisme
Esotéristes;ésotéristes
Etable;étable
Etables;étables
Etabli;établi
Etabli;établi
Etabli;établi
Etablie;établie
Etablie;établie
Etablies;établies
Etablies;établies
Etablir;établir
Etablira;établira
Etablirai;établirai
Etabliraient;établiraient
Etablirais;établirais
Etablirait;établirait
Etablirent;établirent
Etablirez;établirez
Etablirions;établirions
Etablirons;établirons
Etabliront;établiront
Etablis;établis
Etablis;établis
Etablis;établis
Etablissaient;établissaient
Etablissais;établissais
Etablissait;établissait
Etablissant;établissant
Etablisse;établisse
Etablissement;établissement
Etablissements;établissements
Etablissent;établissent
Etablisses;établisses
Etablissez;établissez
Etablissions;établissions
Etablissons;établissons
Etablit;établit
Etablît;établît
Etage;étage
Etage;étage
Etagé;étagé
Etagea;étagea
Etageaient;étageaient
Etageait;étageait
Etageant;étageant
Etagée;étagée
Etagée;étagée
Etagées;étagées
Etagées;étagées
Etagent;étagent
Etagère;étagère
Etagères;étagères
Etages;étages
Etages;étages
Etagés;étagés
Etagés;étagés
Etai;étai
Etaie;étaie
Etaient;étaient
Etain;étain
Etains;étains
Etais;étais
Etais;étais
Etait;était
Etal;étal
Etala;étala
Etalage;étalage
Etalages;étalages
Etalagiste;étalagiste
Etalai;étalai
Etalaient;étalaient
Etalais;étalais
Etalait;étalait
Etalant;étalant
Etalât;étalât
Etale;étale
Etale;étale
Etale;étale
Etalé;étalé
Etalée;étalée
Etalées;étalées
Etalement;étalement
Etalements;étalements
Etalent;étalent
Etaler;étaler
Etalera;étalera
Etalerai;étalerai
Etaleraient;étaleraient
Etalerait;étalerait
Etaleras;étaleras
Etalèrent;étalèrent
Etaleront;étaleront
Etales;étales
Etales;étales
Etalés;étalés
Etalez;étalez
Etalions;étalions
Etalon;étalon
Etalonnage;étalonnage
Etalonnages;étalonnages
Etalonne;étalonne
Etalonné;étalonné
Etalonner;étalonner
Etalonnés;étalonnés
Etalons;étalons
Etalons;étalons
Etals;étals
Etamaient;étamaient
Etambot;étambot
Etamé;étamé
Etamé;étamé
Etameur;étameur
Etameurs;étameurs
Etamine;étamine
Etamines;étamines
Etampes;étampes
Etampures;étampures
Etanchaient;étanchaient
Etanchait;étanchait
Etanche;étanche
Etanche;étanche
Etanché;étanché
Etanchée;étanchée
Etanchéité;étanchéité
Etanchement;étanchement
Etanchent;étanchent
Etancher;étancher
Etancherait;étancherait
Etanches;étanches
Etanches;étanches
Etançon;étançon
Etang;étang
Etangs;étangs
Etant;étant
Etape;étape
Etapes;étapes
Etat-civil;état-civil
Etat-major;état-major
Etat;état
Etatique;étatique
Etatiques;étatiques
Etatisation;étatisation
Etatisme;étatisme
Etats-civils;états-civils
Etats-majors;états-majors
Etats;états
Etau;étau
Etaux;étaux
Etayage;étayage
Etayaient;étayaient
Etayait;étayait
Etayant;étayant
Etaye;étaye
Etayé;étayé
Etayée;étayée
Etayées;étayées
Etayer;étayer
Etayés;étayés
Etayez;étayez
Eté;été
Eté;été
Eteignaient;éteignaient
Eteignais;éteignais
Eteignait;éteignait
Eteignant;éteignant
Eteigne;éteigne
Eteignent;éteignent
Eteignes;éteignes
Eteignez;éteignez
Eteignions;éteignions
Eteignirent;éteignirent
Eteignis;éteignis
Eteignit;éteignit
Eteignît;éteignît
Eteignoir;éteignoir
Eteignons;éteignons
Eteindra;éteindra
Eteindrai;éteindrai
Eteindraient;éteindraient
Eteindrais;éteindrais
Eteindrait;éteindrait
Eteindras;éteindras
Eteindre;éteindre
Eteindrez;éteindrez
Eteindrons;éteindrons
Eteindront;éteindront
Eteins;éteins
Eteint;éteint
Eteint;éteint
Eteinte;éteinte
Eteinte;éteinte
Eteintes;éteintes
Eteintes;éteintes
Eteints;éteints
Eteints;éteints
Etend;étend
Etendage;étendage
Etendaient;étendaient
Etendais;étendais
Etendait;étendait
Etendant;étendant
Etendard;étendard
Etendards;étendards
Etende;étende
Etendent;étendent
Etendez;étendez
Etendîmes;étendîmes
Etendions;étendions
Etendirent;étendirent
Etendis;étendis
Etendit;étendit
Etendît;étendît
Etendoir;étendoir
Etendons;étendons
Etendra;étendra
Etendrai;étendrai
Etendraient;étendraient
Etendrais;étendrais
Etendrait;étendrait
Etendre;étendre
Etendrez;étendrez
Etendrions;étendrions
Etendrons;étendrons
Etendront;étendront
Etends;étends
Etendu;étendu
Etendu;étendu
Etendue;étendue
Etendue;étendue
Etendues;étendues
Etendues;étendues
Etendus;étendus
Etendus;étendus
Eternel;éternel
Eternel;éternel
Eternelle;éternelle
Eternelle;éternelle
Eternellement;éternellement
Eternelles;éternelles
Eternelles;éternelles
Eternels;éternels
Eternels;éternels
Eternisa;éternisa
Eternisaient;éternisaient
Eternisais;éternisais
Eternisait;éternisait
Eternisât;éternisât
Eternise;éternise
Eternisé;éternisé
Eternisée;éternisée
Eternisent;éternisent
Eterniser;éterniser
Eterniserai;éterniserai
Eterniserait;éterniserait
Eterniserons;éterniserons
Eternisés;éternisés
Eternisez;éternisez
Eternisons;éternisons
Eternité;éternité
Eternités;éternités
Eternua;éternua
Eternuaient;éternuaient
Eternuais;éternuais
Eternuait;éternuait
Eternuant;éternuant
Eternue;éternue
Eternué;éternué
Eternuement;éternuement
Eternuements;éternuements
Eternuent;éternuent
Eternuer;éternuer
Eternuerait;éternuerait
Eternues;éternues
Eternuez;éternuez
Etés;étés
Etes;êtes
Etêta;étêta
Etêtait;étêtait
Etêté;étêté
Etêtés;étêtés
Eteule;éteule
Eteules;éteules
Ethane;éthane
Ethanol;éthanol
Ether;éther
Ethéré;éthéré
Ethérée;éthérée
Ethérées;éthérées
Ethérés;éthérés
Ethérique;éthérique
Ethers;éthers
Ethiopien;éthiopien
Ethiopien;éthiopien
Ethiopienne;éthiopienne
Ethiopiennes;éthiopiennes
Ethiopiennes;éthiopiennes
Ethiopiens;éthiopiens
Ethiopiens;éthiopiens
Ethique;éthique
Ethique;éthique
Ethiquement;éthiquement
Ethiques;éthiques
Ethiques;éthiques
Ethologie;éthologie
Ethologue;éthologue
Ethyle;éthyle
Ethylène;éthylène
Ethylique;éthylique
Ethylique;éthylique
Ethyliques;éthyliques
Ethylisme;éthylisme
Ethylotest;éthylotest
Etiage;étiage
Etier;étier
Etiers;étiers
Etiez;étiez
Etincela;étincela
Etincelaient;étincelaient
Etincelait;étincelait
Etincelant;étincelant
Etincelant;étincelant
Etincelante;étincelante
Etincelantes;étincelantes
Etincelants;étincelants
Etincelé;étincelé
Etinceler;étinceler
Etincelèrent;étincelèrent
Etincelle;étincelle
Etincelle;étincelle
Etincellement;étincellement
Etincellements;étincellements
Etincellent;étincellent
Etincellera;étincellera
Etincelles;étincelles
Etiolaient;étiolaient
Etiolais;étiolais
Etiolait;étiolait
Etiolant;étiolant
Etiole;étiole
Etiolé;étiolé
Etiolée;étiolée
Etiolées;étiolées
Etiolement;étiolement
Etiolent;étiolent
Etioler;étioler
Etiologie;étiologie
Etiologique;étiologique
Etiologiques;étiologiques
Etions;étions
Etique;étique
Etiques;étiques
Etiquetage;étiquetage
Etiquetaient;étiquetaient
Etiqueté;étiqueté
Etiquetée;étiquetée
Etiquetées;étiquetées
Etiqueter;étiqueter
Etiquetés;étiquetés
Etiqueteuse;étiqueteuse
Etiquetez;étiquetez
Etiquette;étiquette
Etiquette;étiquette
Etiquettent;étiquettent
Etiquettes;étiquettes
Etiquettes;étiquettes
Etira;étira
Etirable;étirable
Etirage;étirage
Etirai;étirai
Etiraient;étiraient
Etirais;étirais
Etirait;étirait
Etirant;étirant
Etire;étire
Etiré;étiré
Etirée;étirée
Etirées;étirées
Etirement;étirement
Etirements;étirements
Etirent;étirent
Etirer;étirer
Etirerait;étirerait
Etirèrent;étirèrent
Etirés;étirés
Etirez;étirez
Etisie;étisie
Etoffaient;étoffaient
Etoffait;étoffait
Etoffe;étoffe
Etoffe;étoffe
Etoffé;étoffé
Etoffé;étoffé
Etoffée;étoffée
Etoffée;étoffée
Etoffées;étoffées
Etoffer;étoffer
Etoffes;étoffes
Etoffes;étoffes
Etoffés;étoffés
Etoffés;étoffés
Etoila;étoila
Etoilaient;étoilaient
Etoilait;étoilait
Etoile;étoile
Etoile;étoile
Etoilé;étoilé
Etoilé;étoilé
Etoilée;étoilée
Etoilée;étoilée
Etoilées;étoilées
Etoilées;étoilées
Etoilent;étoilent
Etoiles;étoiles
Etoiles;étoiles
Etoilés;étoilés
Etoilés;étoilés
Etole;étole
Etoles;étoles
Etonna;étonna
Etonnai;étonnai
Etonnaient;étonnaient
Etonnais;étonnais
Etonnait;étonnait
Etonnâmes;étonnâmes
Etonnamment;étonnamment
Etonnant;étonnant
Etonnant;étonnant
Etonnante;étonnante
Etonnantes;étonnantes
Etonnants;étonnants
Etonnât;étonnât
Etonne;étonne
Etonné;étonné
Etonné;étonné
Etonnée;étonnée
Etonnée;étonnée
Etonnées;étonnées
Etonnées;étonnées
Etonnement;étonnement
Etonnements;étonnements
Etonnent;étonnent
Etonner;étonner
Etonnera;étonnera
Etonnerai;étonnerai
Etonneraient;étonneraient
Etonnerais;étonnerais
Etonnerait;étonnerait
Etonneras;étonneras
Etonnèrent;étonnèrent
Etonnerez;étonnerez
Etonneriez;étonneriez
Etonnerons;étonnerons
Etonneront;étonneront
Etonnes;étonnes
Etonnés;étonnés
Etonnés;étonnés
Etonnez;étonnez
Etonniez;étonniez
Etonnions;étonnions
Etonnons;étonnons
Etouffa;étouffa
Etouffai;étouffai
Etouffaient;étouffaient
Etouffais;étouffais
Etouffait;étouffait
Etouffant;étouffant
Etouffant;étouffant
Etouffante;étouffante
Etouffantes;étouffantes
Etouffants;étouffants
Etouffassent;étouffassent
Etouffât;étouffât
Etouffe-chrétien;étouffe-chrétien
Etouffe;étouffe
Etouffé;étouffé
Etouffé;étouffé
Etouffée;étouffée
Etouffée;étouffée
Etouffées;étouffées
Etouffées;étouffées
Etouffement;étouffement
Etouffements;étouffements
Etouffent;étouffent
Etouffer;étouffer
Etouffera;étouffera
Etoufferai;étoufferai
Etoufferaient;étoufferaient
Etoufferais;étoufferais
Etoufferait;étoufferait
Etouffèrent;étouffèrent
Etoufferez;étoufferez
Etoufferiez;étoufferiez
Etoufferons;étoufferons
Etoufferont;étoufferont
Etouffes;étouffes
Etouffés;étouffés
Etouffés;étouffés
Etouffeur;étouffeur
Etouffeuses;étouffeuses
Etouffez;étouffez
Etouffiez;étouffiez
Etouffions;étouffions
Etouffoir;étouffoir
Etouffoirs;étouffoirs
Etouffons;étouffons
Etoupe;étoupe
Etourderie;étourderie
Etourderies;étourderies
Etourdi;étourdi
Etourdi;étourdi
Etourdi;étourdi
Etourdie;étourdie
Etourdie;étourdie
Etourdie;étourdie
Etourdies;étourdies
Etourdies;étourdies
Etourdiment;étourdiment
Etourdir;étourdir
Etourdira;étourdira
Etourdirait;étourdirait
Etourdirent;étourdirent
Etourdis;étourdis
Etourdis;étourdis
Etourdis;étourdis
Etourdissaient;étourdissaient
Etourdissait;étourdissait
Etourdissant;étourdissant
Etourdissant;étourdissant
Etourdissante;étourdissante
Etourdissantes;étourdissantes
Etourdissants;étourdissants
Etourdissement;étourdissement
Etourdissements;étourdissements
Etourdissent;étourdissent
Etourdissez;étourdissez
Etourdissons;étourdissons
Etourdit;étourdit
Etourneau;étourneau
Etourneaux;étourneaux
Etrange;étrange
Etrange;étrange
Etrangéité;étrangéité
Etrangement;étrangement
Etranger;étranger
Etranger;étranger
Etrangère;étrangère
Etrangère;étrangère
Etrangères;étrangères
Etrangères;étrangères
Etrangers;étrangers
Etrangers;étrangers
Etranges;étranges
Etranges;étranges
Etrangeté;étrangeté
Etrangetés;étrangetés
Etrangla;étrangla
Etranglai;étranglai
Etranglaient;étranglaient
Etranglais;étranglais
Etranglait;étranglait
Etranglant;étranglant
Etranglât;étranglât
Etrangle;étrangle
Etranglé;étranglé
Etranglé;étranglé
Etranglée;étranglée
Etranglée;étranglée
Etranglées;étranglées
Etranglées;étranglées
Etranglement;étranglement
Etranglements;étranglements
Etranglent;étranglent
Etrangler;étrangler
Etranglera;étranglera
Etranglerai;étranglerai
Etrangleraient;étrangleraient
Etranglerais;étranglerais
Etranglerait;étranglerait
Etrangleront;étrangleront
Etrangles;étrangles
Etranglés;étranglés
Etranglés;étranglés
Etrangleur;étrangleur
Etrangleur;étrangleur
Etrangleurs;étrangleurs
Etrangleurs;étrangleurs
Etrangleuse;étrangleuse
Etrangleuse;étrangleuse
Etrangleuses;étrangleuses
Etranglez;étranglez
Etrave;étrave
Etraves;étraves
Etréci;étréci
Etrécie;étrécie
Etrécir;étrécir
Etrécissement;étrécissement
Etrécit;étrécit
Etreignaient;étreignaient
Etreignais;étreignais
Etreignait;étreignait
Etreignant;étreignant
Etreigne;étreigne
Etreignent;étreignent
Etreignîmes;étreignîmes
Etreignions;étreignions
Etreignirent;étreignirent
Etreignit;étreignit
Etreignons;étreignons
Etreindrait;étreindrait
Etreindre;étreindre
Etreindrons;étreindrons
Etreindront;étreindront
Etreins;étreins
Etreint;étreint
Etreinte;étreinte
Etreinte;étreinte
Etreintes;étreintes
Etreintes;étreintes
Etreints;étreints
Etrenna;étrenna
Etrennait;étrennait
Etrennant;étrennant
Etrenne;étrenne
Etrenne;étrenne
Etrenné;étrenné
Etrennée;étrennée
Etrennent;étrennent
Etrenner;étrenner
Etrennera;étrennera
Etrennerais;étrennerais
Etrennes;étrennes
Etrennes;étrennes
Etrésillon;étrésillon
Etrier;étrier
Etriers;étriers
Etrilla;étrilla
Etrillage;étrillage
Etrillaient;étrillaient
Etrillait;étrillait
Etrille;étrille
Etrille;étrille
Etrillé;étrillé
Etrillée;étrillée
Etriller;étriller
Etrillerez;étrillerez
Etrilles;étrilles
Etrillés;étrillés
Etripage;étripage
Etripages;étripages
Etripaient;étripaient
Etripe;étripe
Etripé;étripé
Etripée;étripée
Etripent;étripent
Etriper;étriper
Etripera;étripera
Etriperai;étriperai
Etriperaient;étriperaient
Etriperais;étriperais
Etripèrent;étripèrent
Etripés;étripés
Etriqua;étriqua
Etriquaient;étriquaient
Etriquant;étriquant
Etriqué;étriqué
Etriqué;étriqué
Etriquée;étriquée
Etriquée;étriquée
Etriquées;étriquées
Etriquées;étriquées
Etriqués;étriqués
Etriqués;étriqués
Etrivière;étrivière
Etrivières;étrivières
Etroit;étroit
Etroite;étroite
Etroitement;étroitement
Etroites;étroites
Etroitesse;étroitesse
Etroits;étroits
Etron;étron
Etrons;étrons
Etrusque;étrusque
Etrusque;étrusque
Etrusques;étrusques
Etrusques;étrusques
Etude;étude
Etudes;études
Etudia;étudia
Etudiai;étudiai
Etudiaient;étudiaient
Etudiais;étudiais
Etudiait;étudiait
Etudiant;étudiant
Etudiant;étudiant
Etudiant;étudiant
Etudiante;étudiante
Etudiante;étudiante
Etudiantes;étudiantes
Etudiantes;étudiantes
Etudiants;étudiants
Etudiants;étudiants
Etudie;étudie
Etudié;étudié
Etudié;étudié
Etudiée;étudiée
Etudiée;étudiée
Etudiées;étudiées
Etudiées;étudiées
Etudient;étudient
Etudier;étudier
Etudiera;étudiera
Etudierai;étudierai
Etudierais;étudierais
Etudierait;étudierait
Etudieras;étudieras
Etudièrent;étudièrent
Etudierez;étudierez
Etudierions;étudierions
Etudierons;étudierons
Etudies;étudies
Etudiés;étudiés
Etudiés;étudiés
Etudiez;étudiez
Etudions;étudions
Etui;étui
Etuis;étuis
Etuve;étuve
Etuvé;étuvé
Etuvée;étuvée
Etuver;étuver
Etuves;étuves
Etuveuse;étuveuse
Etymologie;étymologie
Etymologies;étymologies
Etymologique;étymologique
Etymologiquement;étymologiquement
Etymologiques;étymologiques
Etymologiste;étymologiste
Evacua;évacua
Evacuai;évacuai
Evacuaient;évacuaient
Evacuais;évacuais
Evacuait;évacuait
Evacuant;évacuant
Evacuation;évacuation
Evacuations;évacuations
Evacue;évacue
Evacué;évacué
Evacué;évacué
Evacué;évacué
Evacuée;évacuée
Evacuée;évacuée
Evacuée;évacuée
Evacuées;évacuées
Evacuées;évacuées
Evacuent;évacuent
Evacuer;évacuer
Evacuera;évacuera
Evacuerai;évacuerai
Evacueraient;évacueraient
Evacuerais;évacuerais
Evacuerait;évacuerait
Evacuèrent;évacuèrent
Evacuerez;évacuerez
Evacuerions;évacuerions
Evacuerons;évacuerons
Evacueront;évacueront
Evacués;évacués
Evacués;évacués
Evacués;évacués
Evacuez;évacuez
Evacuons;évacuons
Evada;évada
Evadaient;évadaient
Evadais;évadais
Evadait;évadait
Evadant;évadant
Evade;évade
Evadé;évadé
Evadé;évadé
Evadé;évadé
Evadée;évadée
Evadée;évadée
Evadée;évadée
Evadées;évadées
Evadent;évadent
Evader;évader
Evadera;évadera
Evaderai;évaderai
Evaderaient;évaderaient
Evaderais;évaderais
Evaderait;évaderait
Evaderas;évaderas
Evadèrent;évadèrent
Evaderont;évaderont
Evades;évades
Evadés;évadés
Evadés;évadés
Evadés;évadés
Evadez;évadez
Evalua;évalua
Evaluables;évaluables
Evaluaient;évaluaient
Evaluais;évaluais
Evaluait;évaluait
Evaluant;évaluant
Evaluât;évaluât
Evaluateur;évaluateur
Evaluation;évaluation
Evaluations;évaluations
Evalue;évalue
Evalué;évalué
Evaluée;évaluée
Evaluées;évaluées
Evaluent;évaluent
Evaluer;évaluer
Evaluèrent;évaluèrent
Evaluerez;évaluerez
Evalueront;évalueront
Evalues;évalues
Evalués;évalués
Evaluez;évaluez
Evaluons;évaluons
Evanescence;évanescence
Evanescences;évanescences
Evanescent;évanescent
Evanescente;évanescente
Evanescentes;évanescentes
Evanescents;évanescents
Evangéliaire;évangéliaire
Evangélique;évangélique
Evangéliques;évangéliques
Evangélisateur;évangélisateur
Evangélisateur;évangélisateur
Evangélisation;évangélisation
Evangélisatrices;évangélisatrices
Evangélisé;évangélisé
Evangéliser;évangéliser
Evangéliseront;évangéliseront
Evangélisés;évangélisés
Evangélisons;évangélisons
Evangéliste;évangéliste
Evangélistes;évangélistes
Evangile;évangile
Evangiles;évangiles
Evanoui;évanoui
Evanoui;évanoui
Evanouie;évanouie
Evanouie;évanouie
Evanouies;évanouies
Evanouies;évanouies
Evanouir;évanouir
Evanouira;évanouira
Evanouirai;évanouirai
Evanouirait;évanouirait
Evanouirent;évanouirent
Evanouirez;évanouirez
Evanouiront;évanouiront
Evanouis;évanouis
Evanouis;évanouis
Evanouissaient;évanouissaient
Evanouissais;évanouissais
Evanouissait;évanouissait
Evanouissant;évanouissant
Evanouisse;évanouisse
Evanouissement;évanouissement
Evanouissements;évanouissements
Evanouissent;évanouissent
Evanouisses;évanouisses
Evanouissez;évanouissez
Evanouit;évanouit
Evanouît;évanouît
Evapora;évapora
Evaporaient;évaporaient
Evaporais;évaporais
Evaporait;évaporait
Evaporateur;évaporateur
Evaporateurs;évaporateurs
Evaporation;évaporation
Evapore;évapore
Evaporé;évaporé
Evaporé;évaporé
Evaporée;évaporée
Evaporée;évaporée
Evaporées;évaporées
Evaporées;évaporées
Evaporées;évaporées
Evaporent;évaporent
Evaporer;évaporer
Evaporerait;évaporerait
Evaporeront;évaporeront
Evaporés;évaporés
Evaporés;évaporés
Evasaient;évasaient
Evasait;évasait
Evasant;évasant
Evase;évase
Evasé;évasé
Evasé;évasé
Evasée;évasée
Evasée;évasée
Evasées;évasées
Evasées;évasées
Evasement;évasement
Evasent;évasent
Evaser;évaser
Evasés;évasés
Evasés;évasés
Evasif;évasif
Evasifs;évasifs
Evasion;évasion
Evasions;évasions
Evasive;évasive
Evasivement;évasivement
Evasives;évasives
Evêché;évêché
Evêchés;évêchés
Eveil;éveil
Eveilla;éveilla
Eveillai;éveillai
Eveillaient;éveillaient
Eveillais;éveillais
Eveillait;éveillait
Eveillant;éveillant
Eveillant;éveillant
Eveillât;éveillât
Eveille;éveille
Eveillé;éveillé
Eveillé;éveillé
Eveillée;éveillée
Eveillée;éveillée
Eveillées;éveillées
Eveillées;éveillées
Eveillent;éveillent
Eveiller;éveiller
Eveillera;éveillera
Eveillerai;éveillerai
Eveilleraient;éveilleraient
Eveillerait;éveillerait
Eveilleras;éveilleras
Eveillèrent;éveillèrent
Eveillerez;éveillerez
Eveilleront;éveilleront
Eveilles;éveilles
Eveillés;éveillés
Eveillés;éveillés
Eveilleur;éveilleur
Eveillez;éveillez
Eveillions;éveillions
Eveillons;éveillons
Eveils;éveils
Eveinage;éveinage
Evénement;événement
Evènement;évènement
Evénementiel;événementiel
Evènementielle;évènementielle
Evénements;événements
Evènements;évènements
Event;évent
Eventa;éventa
Eventai;éventai
Eventaient;éventaient
Eventail;éventail
Eventails;éventails
Eventaire;éventaire
Eventaires;éventaires
Eventait;éventait
Eventant;éventant
Evente;évente
Eventé;éventé
Eventé;éventé
Eventée;éventée
Eventée;éventée
Eventées;éventées
Eventées;éventées
Eventent;éventent
Eventer;éventer
Eventerai;éventerai
Eventés;éventés
Eventés;éventés
Eventez;éventez
Eventons;éventons
Eventra;éventra
Eventraient;éventraient
Eventrait;éventrait
Eventrant;éventrant
Eventrât;éventrât
Eventration;éventration
Eventre;éventre
Eventré;éventré
Eventré;éventré
Eventrée;éventrée
Eventrée;éventrée
Eventrées;éventrées
Eventrées;éventrées
Eventrement;éventrement
Eventrent;éventrent
Eventrer;éventrer
Eventrerai;éventrerai
Eventrerait;éventrerait
Eventrerez;éventrerez
Eventres;éventres
Eventrés;éventrés
Eventrés;éventrés
Eventreur;éventreur
Eventreurs;éventreurs
Eventrez;éventrez
Eventrions;éventrions
Events;évents
Eventualité;éventualité
Eventualités;éventualités
Eventuel;éventuel
Eventuel;éventuel
Eventuelle;éventuelle
Eventuellement;éventuellement
Eventuelles;éventuelles
Eventuels;éventuels
Eventuels;éventuels
Evêque;évêque
Evêques;évêques
Evergète;évergète
Eversé;éversé
Eversées;éversées
Evertua;évertua
Evertuaient;évertuaient
Evertuais;évertuais
Evertuait;évertuait
Evertuant;évertuant
Evertue;évertue
Evertué;évertué
Evertuent;évertuent
Evertuer;évertuer
Eviction;éviction
Evida;évida
Evidaient;évidaient
Evide;évide
Evidé;évidé
Evidé;évidé
Evidée;évidée
Evidée;évidée
Evidées;évidées
Evidement;évidement
Evidemment;évidemment
Evidence;évidence
Evidences;évidences
Evident;évident
Evident;évident
Evidente;évidente
Evidentes;évidentes
Evidents;évidents
Evider;évider
Evidés;évidés
Evier;évier
Eviers;éviers
Evinçai;évinçai
Evinçant;évinçant
Evince;évince
Evincé;évincé
Evincée;évincée
Evincer;évincer
Evincerait;évincerait
Evincés;évincés
Evincez;évincez
Eviscérant;éviscérant
Eviscération;éviscération
Eviscère;éviscère
Eviscérée;éviscérée
Eviscèrent;éviscèrent
Eviscérer;éviscérer
Eviscérés;éviscérés
Evita;évita
Evitable;évitable
Evitables;évitables
Evitai;évitai
Evitaient;évitaient
Evitais;évitais
Evitait;évitait
Evitâmes;évitâmes
Evitant;évitant
Evitât;évitât
Evite;évite
Evité;évité
Evitée;évitée
Evitée;évitée
Evitées;évitées
Evitement;évitement
Evitent;évitent
Eviter;éviter
Evitera;évitera
Eviterai;éviterai
Eviteraient;éviteraient
Eviterais;éviterais
Eviterait;éviterait
Eviteras;éviteras
Evitèrent;évitèrent
Eviterez;éviterez
Eviteriez;éviteriez
Eviterons;éviterons
Eviteront;éviteront
Evites;évites
Evités;évités
Evitez;évitez
Evitiez;évitiez
Evitions;évitions
Evitons;évitons
Evocateur;évocateur
Evocateur;évocateur
Evocateurs;évocateurs
Evocation;évocation
Evocations;évocations
Evocatrice;évocatrice
Evocatrices;évocatrices
Evolua;évolua
Evoluaient;évoluaient
Evoluais;évoluais
Evoluait;évoluait
Evoluant;évoluant
Evolue;évolue
Evolué;évolué
Evolué;évolué
Evolué;évolué
Evoluée;évoluée
Evoluée;évoluée
Evoluée;évoluée
Evoluées;évoluées
Evoluées;évoluées
Evoluées;évoluées
Evoluent;évoluent
Evoluer;évoluer
Evoluera;évoluera
Evoluerait;évoluerait
Evoluèrent;évoluèrent
Evolueront;évolueront
Evolués;évolués
Evolués;évolués
Evolués;évolués
Evoluez;évoluez
Evoluons;évoluons
Evolutif;évolutif
Evolution;évolution
Evolutionniste;évolutionniste
Evolutions;évolutions
Evolutive;évolutive
Evolutives;évolutives
Evoqua;évoqua
Evoquai;évoquai
Evoquaient;évoquaient
Evoquais;évoquais
Evoquait;évoquait
Evoquâmes;évoquâmes
Evoquant;évoquant
Evoquât;évoquât
Evoque;évoque
Evoqué;évoqué
Evoquée;évoquée
Evoquées;évoquées
Evoquent;évoquent
Evoquer;évoquer
Evoquera;évoquera
Evoquerai;évoquerai
Evoqueraient;évoqueraient
Evoquerait;évoquerait
Evoquèrent;évoquèrent
Evoquerez;évoquerez
Evoquerons;évoquerons
Evoqueront;évoqueront
Evoques;évoques
Evoqués;évoqués
Evoquez;évoquez
Evoquiez;évoquiez
Evoquions;évoquions
Evoquons;évoquons
Ewé;éwé
Ewé;éwé
Ewés;éwés